SET search_path TO ubd_20151;

SET datestyle = DMY;

BEGIN WORK;
SET TRANSACTION READ WRITE;

--- DOCTOR
INSERT INTO DOCTOR (Doc_number,Name,Specialty,Address,City,Phone,Salary,DNI) values(26902,'Dr. Alemany','Traumatologia','C. Muntaner, 55,','Barcelona','657982553',71995,'52561523T');
INSERT INTO DOCTOR (Doc_number,Name,Specialty,Address,City,Phone,Salary,DNI) values(26507,'Dra. Álvarez','Dermatologia','C. Lleó, 40,','Badalona','671487344',90514,'18762235N');
INSERT INTO DOCTOR (Doc_number,Name,Specialty,Address,City,Phone,Salary,DNI) values(35356,'Dra. Armengol','Oncologia','C. Casp, 57','Barcelona','627109462',66905,'88389236T');
INSERT INTO DOCTOR (Doc_number,Name,Specialty,Address,City,Phone,Salary,DNI) values(35252,'Dr. Balasc','Geriatria','C. Nou, 58','Vic','659316662',102089,'69432237K');
INSERT INTO DOCTOR (Doc_number,Name,Specialty,Address,City,Phone,Salary,DNI) values(99615,'Dr. Bonastre','Traumatologia','C. Muntaner, 150,','Barcelona','695108660',68589,'83420238H');
INSERT INTO DOCTOR (Doc_number,Name,Specialty,Address,City,Phone,Salary,DNI) values(17442,'Dra. Bosch','Medicina familiar i comunitària','C. Mar, 60,','Badalona','674063571',109852,'17210239C');
INSERT INTO DOCTOR (Doc_number,Name,Specialty,Address,City,Phone,Salary,DNI) values(21317,'Dr. Casajuana','Ginecologia','C. Anglí, 61,','Barcelona','697078725',74266,'55512240V');
INSERT INTO DOCTOR (Doc_number,Name,Specialty,Address,City,Phone,Salary,DNI) values(35054,'Dra. Díaz','Anestèsia','C. Pedraforca, 62,','Vic','601073739',115778,'20922430G');
INSERT INTO DOCTOR (Doc_number,Name,Specialty,Address,City,Phone,Salary,DNI) values(97425,'Dr. Fernández','Cardiologia','C. Aribau, 63,','Barcelona','699167645',92895,'11327431M');
INSERT INTO DOCTOR (Doc_number,Name,Specialty,Address,City,Phone,Salary,DNI) values(17061,'Dra. García','Medicina interna','C. Sardenya, 56,','Barcelona','660068893',116233,'17527432C');
INSERT INTO DOCTOR (Doc_number,Name,Specialty,Address,City,Phone,Salary,DNI) values(63466,'Dra. Gasull','Medicina esportiva','C. Sardenya, 323,','Barcelona','635706807',108850,'15006433W');
INSERT INTO DOCTOR (Doc_number,Name,Specialty,Address,City,Phone,Salary,DNI) values(56495,'Dra. Gómez','Medicina familiar i comunitària','C. Tres Creus, 166,','Sabadell','635575351',80374,'85386434Q');
INSERT INTO DOCTOR (Doc_number,Name,Specialty,Address,City,Phone,Salary,DNI) values(91457,'Dr. González','Neurologia','C. Balmes, 256,','Barcelona','668474469',74112,'52371435F');
INSERT INTO DOCTOR (Doc_number,Name,Specialty,Address,City,Phone,Salary,DNI) values(12855,'Dr. Grau','Anestèsia','Av. Diagonal, 523,','Barcelona','603413282',74346,'41481436C');
INSERT INTO DOCTOR (Doc_number,Name,Specialty,Address,City,Phone,Salary,DNI) values(38618,'Dr. Hernández','Medicina esportiva','C. Balmes, 146,','Barcelona','625699765',98720,'22739437Z');
INSERT INTO DOCTOR (Doc_number,Name,Specialty,Address,City,Phone,Salary,DNI) values(44879,'Dr. Jiménez','Geriatria','C. Valls, 46,','Terrassa','613796168',58885,'23512438K');
INSERT INTO DOCTOR (Doc_number,Name,Specialty,Address,City,Phone,Salary,DNI) values(22230,'Dra. Llach','Reumatologia','C. Gràcia, 33,','Sabadell','657627078',85292,'47629439V');
INSERT INTO DOCTOR (Doc_number,Name,Specialty,Address,City,Phone,Salary,DNI) values(11423,'Dr. López','Urologia','C. Calvet,64,','Barcelona','686311392',103837,'64152440Q');
INSERT INTO DOCTOR (Doc_number,Name,Specialty,Address,City,Phone,Salary,DNI) values(45957,'Dra. Martin','Psiquiatria','Passeig Picasso, 49,','Barcelona','607662479',84430,'90119441X');
INSERT INTO DOCTOR (Doc_number,Name,Specialty,Address,City,Phone,Salary,DNI) values(11902,'Dr. Martínez','Gastroenterologia','C. Puigmal, 27,','Vic','658781741',116471,'87528764Z');
INSERT INTO DOCTOR (Doc_number,Name,Specialty,Address,City,Phone,Salary,DNI) values(39084,'Dr. Mas','Geriatria','C. Fortuna, 50,','L''Hospitalet','658931174',87020,'59017765A');
INSERT INTO DOCTOR (Doc_number,Name,Specialty,Address,City,Phone,Salary,DNI) values(42632,'Dra. Moreno','Pediatria','C. Teuleries, 10,','Lleida','654280411',95748,'45672766C');
INSERT INTO DOCTOR (Doc_number,Name,Specialty,Address,City,Phone,Salary,DNI) values(38284,'Dr. Muñoz','Medicina interna','C. Villaroel, 102,','Barcelona','684358021',78201,'54920767E');
INSERT INTO DOCTOR (Doc_number,Name,Specialty,Address,City,Phone,Salary,DNI) values(38755,'Dra. Nadal','Al·lergologia','Pl. Oli, 4,','Girona','647780532',88416,'91510768B');
INSERT INTO DOCTOR (Doc_number,Name,Specialty,Address,City,Phone,Salary,DNI) values(28323,'Dra. Navarro','Pediatria','Av. Jaume I, 45,','Reus','655795192',65359,'91582769E');
INSERT INTO DOCTOR (Doc_number,Name,Specialty,Address,City,Phone,Salary,DNI) values(92821,'Dr. Pérez','Ginecologia','C. Urgell, 24,','Barcelona','624944817',90683,'68826770Q');
INSERT INTO DOCTOR (Doc_number,Name,Specialty,Address,City,Phone,Salary,DNI) values(28646,'Dr. Pons','Geriatria','Rambla Nova,58','Tarragona','632093476',76544,'51161771S');
INSERT INTO DOCTOR (Doc_number,Name,Specialty,Address,City,Phone,Salary,DNI) values(10120,'Dr. Reixach','Medicina interna','Av. Catalunya, 183,','Tarragona','636175285',96340,'31041772H');
INSERT INTO DOCTOR (Doc_number,Name,Specialty,Address,City,Phone,Salary,DNI) values(13389,'Dra. Ricart','Medicina familiar i comunitària','C. Benidorm, 30,','Reus','687362993',109253,'35063773S');
INSERT INTO DOCTOR (Doc_number,Name,Specialty,Address,City,Phone,Salary,DNI) values(99982,'Dra. Rodríguez','Urologia','Via Augusta, 54','Barcelona','631975838',76099,'36449774A');
INSERT INTO DOCTOR (Doc_number,Name,Specialty,Address,City,Phone,Salary,DNI) values(28796,'Dra. Roig','Medicina familiar i comunitària','Av. Tibidabo, 79','Barcelona','627647066',104412,'45228231Y');
INSERT INTO DOCTOR (Doc_number,Name,Specialty,Address,City,Phone,Salary,DNI) values(28878,'Dr. Romero','Pediatria','C. Vallcalent, 115','Lleida','659469357',66966,'33918232D');
INSERT INTO DOCTOR (Doc_number,Name,Specialty,Address,City,Phone,Salary,DNI) values(52391,'Dr. Ros','Psiquiatria','C. Portal Nou, 40','Girona','613043948',73050,'17559233N');
INSERT INTO DOCTOR (Doc_number,Name,Specialty,Address,City,Phone,Salary,DNI) values(50077,'Dra. Ruíz','Medicina familiar i comunitària','Passeig Bonanova, 102,','Barcelona','670387228',97332,'68785234H');
INSERT INTO DOCTOR (Doc_number,Name,Specialty,Address,City,Phone,Salary,DNI) values(95849,'Dr. Sabater','Ginecologia','C. Urgell, 221','Barcelona','596982399',96763,'42693235P');
INSERT INTO DOCTOR (Doc_number,Name,Specialty,Address,City,Phone,Salary,DNI) values(10535,'Dra Sala','Medicina familiar i comunitària','C. Gósol, 21,','Barcelona','660673011',118182,'67681236F');
INSERT INTO DOCTOR (Doc_number,Name,Specialty,Address,City,Phone,Salary,DNI) values(10289,'Dr. Sánchez','Psiquiatria','C. Torelló, 43','Vic','693539678',66383,'37852237P');
INSERT INTO DOCTOR (Doc_number,Name,Specialty,Address,City,Phone,Salary,DNI) values(57447,'Dra. Serra','Urologia','C. Bonaire, 56','Sitges','653102733',57310,'85051238E');
INSERT INTO DOCTOR (Doc_number,Name,Specialty,Address,City,Phone,Salary,DNI) values(26732,'Dr. Soler','Pneumologia','C. Verdi, 78','Barcelona','651201636',70403,'71629239C');
INSERT INTO DOCTOR (Doc_number,Name,Specialty,Address,City,Phone,Salary,DNI) values(26804,'Dra. Torres','Traumatologia','Via Augusta, 153','Barcelona','619556891',71503,'72081240S');
INSERT INTO DOCTOR (Doc_number,Name,Specialty,Address,City,Phone,Salary,DNI) values(11758,'Dra. Vidal','Pediatria','Travessera de Dalt, 54,','Barcelona','600775458',99872,'83450241Y');
INSERT INTO DOCTOR (Doc_number,Name,Specialty,Address,City,Phone,Salary,DNI) values(45493,'Dra. Vives','Ginecologia','Passeig Bonanova, 43,','Barcelona','652122694',94027,'42641242H');

--- PATIENT 
INSERT INTO PATIENT (Pat_Number, Name, Address, City, DNI) values (6574405,'Sra. Alemany ','C. Muntaner, 80','Barcelona','176784267B');
INSERT INTO PATIENT (Pat_Number, Name, Address, City, DNI) values (6392432,'Sr. Álvarez','C. Lleó, 32','Badalona','453420307D');
INSERT INTO PATIENT (Pat_Number, Name, Address, City, DNI) values (9934166,'Sr. Armengol','C. Casp, 50','Barcelona','893084415G');
INSERT INTO PATIENT (Pat_Number, Name, Address, City, DNI) values (9062865,'Sra. Balasc','C. Nou, 27','Vic','139208509C');
INSERT INTO PATIENT (Pat_Number, Name, Address, City, DNI) values (2397893,'Sra. Bonastre','C. Muntaner, 40','Barcelona','175880731F');
INSERT INTO PATIENT (Pat_Number, Name, Address, City, DNI) values (3268992,'Sr. Bosch','C. Mar, 43','Badalona','196249494Q');
INSERT INTO PATIENT (Pat_Number, Name, Address, City, DNI) values (7073152,'Sra. Casajuana','C. Anglí, 63','Barcelona','182581783D');
INSERT INTO PATIENT (Pat_Number, Name, Address, City, DNI) values (448282,'Sr. Díaz','C. Pedraforca, 48','Vic','471549505D');
INSERT INTO PATIENT (Pat_Number, Name, Address, City, DNI) values (7436660,'Sra. Fernández','C. Aribau, 169','Barcelona','316823834F');
INSERT INTO PATIENT (Pat_Number, Name, Address, City, DNI) values (9080409,'Sr. García','C. Sardenya, 157','Barcelona','160862984H');
INSERT INTO PATIENT (Pat_Number, Name, Address, City, DNI) values (3801980,'Sr. Gasull','C. Sardenya, 313','Barcelona','623428498C');
INSERT INTO PATIENT (Pat_Number, Name, Address, City, DNI) values (1965544,'Sr. Gómez','C. Tres Creus, 16','Sabadell','216351004D');
INSERT INTO PATIENT (Pat_Number, Name, Address, City, DNI) values (3921087,'Sra. González','C. Balmes, 286','Barcelona','851739197T');
INSERT INTO PATIENT (Pat_Number, Name, Address, City, DNI) values (4749511,'Sra. Grau','Av. Diagonal, 353','Barcelona','565010078J');
INSERT INTO PATIENT (Pat_Number, Name, Address, City, DNI) values (5234209,'Sra. Hernández','C. Balmes, 164','Barcelona','419189733J');
INSERT INTO PATIENT (Pat_Number, Name, Address, City, DNI) values (7469831,'Sra. Jiménez','C. Valls, 64','Terrassa','594188941H');
INSERT INTO PATIENT (Pat_Number, Name, Address, City, DNI) values (7276573,'Sr. Llach','C. Gràcia, 35','Sabadell','928474941Q');
INSERT INTO PATIENT (Pat_Number, Name, Address, City, DNI) values (2404768,'Sra. López','C. Calvet,46','Barcelona','248883080B');
INSERT INTO PATIENT (Pat_Number, Name, Address, City, DNI) values (2879436,'Sr. Martin','Passeig Picasso, 51','Barcelona','118544436K');
INSERT INTO PATIENT (Pat_Number, Name, Address, City, DNI) values (1665794,'Sra. Martínez','C. Puigmal, 29','Vic','373590761J');
INSERT INTO PATIENT (Pat_Number, Name, Address, City, DNI) values (8559913,'Sra. Mas','C. Fortuna, 53','L''Hospitalet','630733065V');
INSERT INTO PATIENT (Pat_Number, Name, Address, City, DNI) values (8838501,'Sr. Moreno','C. Teuleries, 13','Lleida','934607311B');
INSERT INTO PATIENT (Pat_Number, Name, Address, City, DNI) values (6981779,'Sra. Muñoz','C. Villaroel, 103','Barcelona','700676869Q');
INSERT INTO PATIENT (Pat_Number, Name, Address, City, DNI) values (1865987,'Sr. Nadal','Pl. Oli, 8','Girona','556260710Y');
INSERT INTO PATIENT (Pat_Number, Name, Address, City, DNI) values (5325499,'Sr. Navarro','Av. Jaume I, 47','Reus','140986229R');
INSERT INTO PATIENT (Pat_Number, Name, Address, City, DNI) values (6683161,'Sra. Pérez','C. Urgell, 124','Barcelona','236074256W');
INSERT INTO PATIENT (Pat_Number, Name, Address, City, DNI) values (7381969,'Sra. Pons','Rambla Nova,56','Tarragona','227518400P');
INSERT INTO PATIENT (Pat_Number, Name, Address, City, DNI) values (5927299,'Sra. Reixach','Av. Catalunya, 185','Tarragona','395517904Z');
INSERT INTO PATIENT (Pat_Number, Name, Address, City, DNI) values (1185277,'Sr. Ricart','C. Benidorm, 27','Reus','724634953N');
INSERT INTO PATIENT (Pat_Number, Name, Address, City, DNI) values (8716373,'Sr. Rodríguez','Via Augusta, 254','Barcelona','464359660X');
INSERT INTO PATIENT (Pat_Number, Name, Address, City, DNI) values (6874712,'Sr. Roig','Av. Tibidabo, 99','Barcelona','238295666A');
INSERT INTO PATIENT (Pat_Number, Name, Address, City, DNI) values (1725512,'Sra. Romero','C. Vallcalent, 15','Lleida','730679260B');
INSERT INTO PATIENT (Pat_Number, Name, Address, City, DNI) values (4273361,'Sra. Ros','C. Portal Nou, 44','Girona','531177199L');
INSERT INTO PATIENT (Pat_Number, Name, Address, City, DNI) values (8217638,'Sr. Ruíz','Passeig Bonanova, 112','Barcelona','702920915K');
INSERT INTO PATIENT (Pat_Number, Name, Address, City, DNI) values (73461,'Sra. Sabater','C. Urgell, 235','Barcelona','864559007R');
INSERT INTO PATIENT (Pat_Number, Name, Address, City, DNI) values (4179954,'Sra Sala','C. Gósol, 19','Barcelona','512616455E');
INSERT INTO PATIENT (Pat_Number, Name, Address, City, DNI) values (1882363,'Sra. Sánchez','C. Torelló, 47','Vic','615306427P');
INSERT INTO PATIENT (Pat_Number, Name, Address, City, DNI) values (7794113,'Sr. Serra','C. Bonaire, 58','Sitges','342369317B');
INSERT INTO PATIENT (Pat_Number, Name, Address, City, DNI) values (8026153,'Sra. Soler','Av. Generalitat 134','Tortosa','666384097Z');
INSERT INTO PATIENT (Pat_Number, Name, Address, City, DNI) values (1619722,'Sr. Torres','Via Augusta, 135','Barcelona','351921321T');
INSERT INTO PATIENT (Pat_Number, Name, Address, City, DNI) values (6080336,'Sr. Vidal','Travessera de Dalt, 45','Barcelona','737411033Y');
INSERT INTO PATIENT (Pat_Number, Name, Address, City, DNI) values (4626421,'Sr. Vives','Passeig Bonanova, 143','Barcelona','771792507E');
INSERT INTO PATIENT (Pat_Number, Name, Address, City, DNI) values (8926215,'Sr. Alemany','C. Neptú, 30','Barcelona','685291849H');
INSERT INTO PATIENT (Pat_Number, Name, Address, City, DNI) values (974845,'Sra. Álvarez','C. Arnús, 63','Badalona','601493065D');
INSERT INTO PATIENT (Pat_Number, Name, Address, City, DNI) values (2788770,'Sra. Armengol','C. Balmes, 224','Barcelona','859853879Y');
INSERT INTO PATIENT (Pat_Number, Name, Address, City, DNI) values (7250872,'Sr. Balasc','Pl. Major, 7','Vic','751873490V');
INSERT INTO PATIENT (Pat_Number, Name, Address, City, DNI) values (95430,'Sr. Bonastre','C. Verdi, 76','Barcelona','363780902E');
INSERT INTO PATIENT (Pat_Number, Name, Address, City, DNI) values (3000232,'Sra. Bosch','Carrer de la Legalitat, 72','Badalona','907302845H');
INSERT INTO PATIENT (Pat_Number, Name, Address, City, DNI) values (8631706,'Sr. Casajuana','C. Penedès, 4','Barcelona','451256808M');
INSERT INTO PATIENT (Pat_Number, Name, Address, City, DNI) values (258651,'Sra. Díaz','C. Tiera, 26','Vic','779741634G');
INSERT INTO PATIENT (Pat_Number, Name, Address, City, DNI) values (4443475,'Sr. Fernández','C. Legalitat, 72','Barcelona','857637600F');
INSERT INTO PATIENT (Pat_Number, Name, Address, City, DNI) values (1045777,'Sra. García','C. Rosselló, 14','Tortosa','143239819M');
INSERT INTO PATIENT (Pat_Number, Name, Address, City, DNI) values (719292,'Sra. Gasull','C. Varsòvia, 152-154','Barcelona','320351677H');
INSERT INTO PATIENT (Pat_Number, Name, Address, City, DNI) values (8452707,'Sra. Gómez','C. Roca, 37','Sabadell','610309599E');
INSERT INTO PATIENT (Pat_Number, Name, Address, City, DNI) values (9920345,'Sr. González','C. Gènova, 11','Barcelona','791731542N');
INSERT INTO PATIENT (Pat_Number, Name, Address, City, DNI) values (5426152,'Sr. Grau','C. Garcilaso, 213','Barcelona','281538318X');
INSERT INTO PATIENT (Pat_Number, Name, Address, City, DNI) values (1352330,'Sr. Hernández','C. Escòcia, 129-135','Barcelona','541021236X');
INSERT INTO PATIENT (Pat_Number, Name, Address, City, DNI) values (3459302,'Sr. Jiménez','C. Joaquim Costa, 142','Terrassa','290461112T');
INSERT INTO PATIENT (Pat_Number, Name, Address, City, DNI) values (6590582,'Sra. Llach','C. Borràs, 35','Sabadell','673709873Z');
INSERT INTO PATIENT (Pat_Number, Name, Address, City, DNI) values (7448511,'Sr. López','C. Creu, 27','Girona','653593304G');
INSERT INTO PATIENT (Pat_Number, Name, Address, City, DNI) values (2765102,'Sra. Martin','C. Santapau, 25','Barcelona','261956162P');
INSERT INTO PATIENT (Pat_Number, Name, Address, City, DNI) values (5591663,'Sr. Martínez','C. Gurb 33','Vic','625924874E');
INSERT INTO PATIENT (Pat_Number, Name, Address, City, DNI) values (8861727,'Sr. Mas','C. Primavera, 134','L''Hospitalet','651882653R');
INSERT INTO PATIENT (Pat_Number, Name, Address, City, DNI) values (6472466,'Sra. Moreno','C. Segrià, 17','Lleida','593851031R');
INSERT INTO PATIENT (Pat_Number, Name, Address, City, DNI) values (2179710,'Sr. Muñoz','C. Cinca, 49','Barcelona','956652684E');
INSERT INTO PATIENT (Pat_Number, Name, Address, City, DNI) values (9082141,'Sra. Nadal','C. Canigó, 11','Girona','430320836J');
INSERT INTO PATIENT (Pat_Number, Name, Address, City, DNI) values (9013888,'Sra. Navarro','Av. Carrilet, 37','Reus','129641621M');
INSERT INTO PATIENT (Pat_Number, Name, Address, City, DNI) values (4969570,'Sr. Pérez','C. Flor de Neu, 59','Barcelona','939842469R');
INSERT INTO PATIENT (Pat_Number, Name, Address, City, DNI) values (7282672,'Sr. Pons','Av. Prat de la Riba, 32','Tarragona','288618718K');
INSERT INTO PATIENT (Pat_Number, Name, Address, City, DNI) values (9745976,'Sr. Reixach','C. Francolí, 14','Tarragona','439586652A');
INSERT INTO PATIENT (Pat_Number, Name, Address, City, DNI) values (2612637,'Sra. Ricart','C. Misericòrdia, 39','Reus','947585461C');
INSERT INTO PATIENT (Pat_Number, Name, Address, City, DNI) values (5242904,'Sra. Rodríguez','C. Major, 41','Sort','922530690T');
INSERT INTO PATIENT (Pat_Number, Name, Address, City, DNI) values (3497104,'Sra. Roig','C. Salses, 53','Barcelona','911921624Y');
INSERT INTO PATIENT (Pat_Number, Name, Address, City, DNI) values (838393,'Sr. Romero','C. Segrià 41','Lleida','634026922K');
INSERT INTO PATIENT (Pat_Number, Name, Address, City, DNI) values (2148266,'Sr. Ros','C. Sol, 28','Girona','227393779R');
INSERT INTO PATIENT (Pat_Number, Name, Address, City, DNI) values (3557235,'Sra. Ruíz','C. Banys, 54','Berga','830334171Q');
INSERT INTO PATIENT (Pat_Number, Name, Address, City, DNI) values (5862883,'Sr. Sabater','C. Roc Boronat, 115','Barcelona','546372551F');
INSERT INTO PATIENT (Pat_Number, Name, Address, City, DNI) values (3026553,'Sra Sala','Via Laietana, 11','Barcelona','669133354N');
INSERT INTO PATIENT (Pat_Number, Name, Address, City, DNI) values (7164720,'Sr. Sánchez','C. Puigsacalm, 15','Vic','588793928T');
INSERT INTO PATIENT (Pat_Number, Name, Address, City, DNI) values (492018,'Sra. Serra','Av. Sofia, 49','Sitges','523792711A');
INSERT INTO PATIENT (Pat_Number, Name, Address, City, DNI) values (7667647,'Sr. Soler','C. Pau Claris, 97','Barcelona','901367713J');
INSERT INTO PATIENT (Pat_Number, Name, Address, City, DNI) values (3155961,'Sra. Torres','C. Freixures, 19','Barcelona','165940962X');
INSERT INTO PATIENT (Pat_Number, Name, Address, City, DNI) values (506903,'Sra. Vidal','Passeig del Born, 14-16','Barcelona','834646400K');
INSERT INTO PATIENT (Pat_Number, Name, Address, City, DNI) values (2869935,'Sra. Vives','C. Rec, 14','Barcelona','975891481D');

-- VISIT 

INSERT INTO VISIT (Doc_Number, Pat_Number,Visit_Date,Price) values (26902,6574405,'30/03/11',215);
INSERT INTO VISIT (Doc_Number, Pat_Number,Visit_Date,Price) values (26507,6392432,'14/03/10',222);
INSERT INTO VISIT (Doc_Number, Pat_Number,Visit_Date,Price) values (35356,9934166,'15/02/11',475);
INSERT INTO VISIT (Doc_Number, Pat_Number,Visit_Date,Price) values (35252,9062865,'07/06/11',40);
INSERT INTO VISIT (Doc_Number, Pat_Number,Visit_Date,Price) values (99615,2397893,'30/12/14',462);
INSERT INTO VISIT (Doc_Number, Pat_Number,Visit_Date,Price) values (99615,3268992,'26/08/13',538);
INSERT INTO VISIT (Doc_Number, Pat_Number,Visit_Date,Price) values (21317,7073152,'02/07/11',511);
INSERT INTO VISIT (Doc_Number, Pat_Number,Visit_Date,Price) values (35054,448282,'12/11/10',115);
INSERT INTO VISIT (Doc_Number, Pat_Number,Visit_Date,Price) values (97425,7436660,'22/05/11',366);
INSERT INTO VISIT (Doc_Number, Pat_Number,Visit_Date,Price) values (17061,9080409,'28/09/10',67);
INSERT INTO VISIT (Doc_Number, Pat_Number,Visit_Date,Price) values (63466,3801980,'12/05/12',455);
INSERT INTO VISIT (Doc_Number, Pat_Number,Visit_Date,Price) values (56495,1965544,'06/11/10',92);
INSERT INTO VISIT (Doc_Number, Pat_Number,Visit_Date,Price) values (91457,3921087,'25/12/13',487);
INSERT INTO VISIT (Doc_Number, Pat_Number,Visit_Date,Price) values (12855,4749511,'23/12/14',108);
INSERT INTO VISIT (Doc_Number, Pat_Number,Visit_Date,Price) values (99615,5234209,'01/11/11',69);
INSERT INTO VISIT (Doc_Number, Pat_Number,Visit_Date,Price) values (44879,7469831,'05/10/11',478);
INSERT INTO VISIT (Doc_Number, Pat_Number,Visit_Date,Price) values (22230,7276573,'22/08/13',40);
INSERT INTO VISIT (Doc_Number, Pat_Number,Visit_Date,Price) values (11423,2404768,'24/02/13',441);
INSERT INTO VISIT (Doc_Number, Pat_Number,Visit_Date,Price) values (45957,2879436,'08/04/13',371);
INSERT INTO VISIT (Doc_Number, Pat_Number,Visit_Date,Price) values (11902,1665794,'20/02/10',259);
INSERT INTO VISIT (Doc_Number, Pat_Number,Visit_Date,Price) values (39084,8559913,'13/01/11',380);
INSERT INTO VISIT (Doc_Number, Pat_Number,Visit_Date,Price) values (42632,8838501,'13/08/11',88);
INSERT INTO VISIT (Doc_Number, Pat_Number,Visit_Date,Price) values (38284,6981779,'22/01/14',328);
INSERT INTO VISIT (Doc_Number, Pat_Number,Visit_Date,Price) values (38755,1865987,'04/11/13',217);
INSERT INTO VISIT (Doc_Number, Pat_Number,Visit_Date,Price) values (99615,5325499,'05/10/10',368);
INSERT INTO VISIT (Doc_Number, Pat_Number,Visit_Date,Price) values (92821,6683161,'08/04/14',578);
INSERT INTO VISIT (Doc_Number, Pat_Number,Visit_Date,Price) values (28646,7381969,'03/10/10',558);
INSERT INTO VISIT (Doc_Number, Pat_Number,Visit_Date,Price) values (10120,5927299,'01/06/11',578);
INSERT INTO VISIT (Doc_Number, Pat_Number,Visit_Date,Price) values (13389,1185277,'21/09/13',541);
INSERT INTO VISIT (Doc_Number, Pat_Number,Visit_Date,Price) values (99982,8716373,'09/11/14',229);
INSERT INTO VISIT (Doc_Number, Pat_Number,Visit_Date,Price) values (28796,6874712,'23/10/10',152);
INSERT INTO VISIT (Doc_Number, Pat_Number,Visit_Date,Price) values (28878,1725512,'18/12/14',156);
INSERT INTO VISIT (Doc_Number, Pat_Number,Visit_Date,Price) values (52391,4273361,'20/01/15',421);
INSERT INTO VISIT (Doc_Number, Pat_Number,Visit_Date,Price) values (50077,8217638,'08/12/11',598);
INSERT INTO VISIT (Doc_Number, Pat_Number,Visit_Date,Price) values (99615,73461,'26/03/11',167);
INSERT INTO VISIT (Doc_Number, Pat_Number,Visit_Date,Price) values (10535,4179954,'19/11/14',283);
INSERT INTO VISIT (Doc_Number, Pat_Number,Visit_Date,Price) values (10289,1882363,'03/06/10',536);
INSERT INTO VISIT (Doc_Number, Pat_Number,Visit_Date,Price) values (57447,7794113,'23/09/12',77);
INSERT INTO VISIT (Doc_Number, Pat_Number,Visit_Date,Price) values (26732,8026153,'02/08/10',369);
INSERT INTO VISIT (Doc_Number, Pat_Number,Visit_Date,Price) values (26804,1619722,'23/10/11',301);
INSERT INTO VISIT (Doc_Number, Pat_Number,Visit_Date,Price) values (11758,6080336,'21/06/13',115);
INSERT INTO VISIT (Doc_Number, Pat_Number,Visit_Date,Price) values (45493,4626421,'12/12/12',223);
INSERT INTO VISIT (Doc_Number, Pat_Number,Visit_Date,Price) values (13389,8926215,'27/08/12',363);
INSERT INTO VISIT (Doc_Number, Pat_Number,Visit_Date,Price) values (99982,974845,'16/04/12',573);
INSERT INTO VISIT (Doc_Number, Pat_Number,Visit_Date,Price) values (28796,2788770,'04/10/12',301);
INSERT INTO VISIT (Doc_Number, Pat_Number,Visit_Date,Price) values (28878,7250872,'27/06/14',403);
INSERT INTO VISIT (Doc_Number, Pat_Number,Visit_Date,Price) values (52391,95430,'18/01/14',450);
INSERT INTO VISIT (Doc_Number, Pat_Number,Visit_Date,Price) values (50077,3000232,'28/03/11',312);
INSERT INTO VISIT (Doc_Number, Pat_Number,Visit_Date,Price) values (99615,8631706,'22/06/12',243);
INSERT INTO VISIT (Doc_Number, Pat_Number,Visit_Date,Price) values (10535,258651,'25/02/12',221);
INSERT INTO VISIT (Doc_Number, Pat_Number,Visit_Date,Price) values (10289,4443475,'17/05/11',541);
INSERT INTO VISIT (Doc_Number, Pat_Number,Visit_Date,Price) values (57447,1045777,'04/07/13',594);
INSERT INTO VISIT (Doc_Number, Pat_Number,Visit_Date,Price) values (26732,719292,'07/10/13',279);
INSERT INTO VISIT (Doc_Number, Pat_Number,Visit_Date,Price) values (26804,8452707,'08/04/10',268);
INSERT INTO VISIT (Doc_Number, Pat_Number,Visit_Date,Price) values (11758,9920345,'08/03/12',210);
INSERT INTO VISIT (Doc_Number, Pat_Number,Visit_Date,Price) values (45493,5426152,'12/07/14',46);
INSERT INTO VISIT (Doc_Number, Pat_Number,Visit_Date,Price) values (21317,1352330,'15/07/14',246);
INSERT INTO VISIT (Doc_Number, Pat_Number,Visit_Date,Price) values (35054,3459302,'09/12/12',168);
INSERT INTO VISIT (Doc_Number, Pat_Number,Visit_Date,Price) values (97425,6590582,'11/10/10',595);
INSERT INTO VISIT (Doc_Number, Pat_Number,Visit_Date,Price) values (17061,7448511,'03/02/13',186);
INSERT INTO VISIT (Doc_Number, Pat_Number,Visit_Date,Price) values (63466,2765102,'18/08/12',368);
INSERT INTO VISIT (Doc_Number, Pat_Number,Visit_Date,Price) values (56495,5591663,'03/08/11',147);
INSERT INTO VISIT (Doc_Number, Pat_Number,Visit_Date,Price) values (91457,8861727,'22/11/12',313);
INSERT INTO VISIT (Doc_Number, Pat_Number,Visit_Date,Price) values (12855,6472466,'08/07/12',189);
INSERT INTO VISIT (Doc_Number, Pat_Number,Visit_Date,Price) values (11902,2179710,'09/07/13',144);
INSERT INTO VISIT (Doc_Number, Pat_Number,Visit_Date,Price) values (39084,9082141,'14/02/14',450);
INSERT INTO VISIT (Doc_Number, Pat_Number,Visit_Date,Price) values (42632,6574405,'28/03/12',442);
INSERT INTO VISIT (Doc_Number, Pat_Number,Visit_Date,Price) values (38284,6392432,'09/12/13',79);
INSERT INTO VISIT (Doc_Number, Pat_Number,Visit_Date,Price) values (38755,9934166,'09/09/11',498);
INSERT INTO VISIT (Doc_Number, Pat_Number,Visit_Date,Price) values (99615,9062865,'27/10/12',211);
INSERT INTO VISIT (Doc_Number, Pat_Number,Visit_Date,Price) values (92821,2397893,'02/08/10',351);
INSERT INTO VISIT (Doc_Number, Pat_Number,Visit_Date,Price) values (28646,3268992,'28/02/15',583);
INSERT INTO VISIT (Doc_Number, Pat_Number,Visit_Date,Price) values (10120,7073152,'10/08/10',405);
INSERT INTO VISIT (Doc_Number, Pat_Number,Visit_Date,Price) values (35252,448282,'28/03/13',114);
INSERT INTO VISIT (Doc_Number, Pat_Number,Visit_Date,Price) values (99615,7436660,'14/04/12',556);
INSERT INTO VISIT (Doc_Number, Pat_Number,Visit_Date,Price) values (99615,9080409,'13/05/13',106);
INSERT INTO VISIT (Doc_Number, Pat_Number,Visit_Date,Price) values (21317,3801980,'24/07/12',487);
INSERT INTO VISIT (Doc_Number, Pat_Number,Visit_Date,Price) values (35054,3026553,'03/03/11',406);
INSERT INTO VISIT (Doc_Number, Pat_Number,Visit_Date,Price) values (97425,7164720,'07/08/14',388);
INSERT INTO VISIT (Doc_Number, Pat_Number,Visit_Date,Price) values (17061,492018,'13/01/15',130);
INSERT INTO VISIT (Doc_Number, Pat_Number,Visit_Date,Price) values (63466,7667647,'27/04/13',597);
INSERT INTO VISIT (Doc_Number, Pat_Number,Visit_Date,Price) values (56495,3155961,'23/10/10',329);
INSERT INTO VISIT (Doc_Number, Pat_Number,Visit_Date,Price) values (42632,506903,'17/05/13',123);
INSERT INTO VISIT (Doc_Number, Pat_Number,Visit_Date,Price) values (38284,2869935,'04/12/11',276);
INSERT INTO VISIT (Doc_Number, Pat_Number,Visit_Date,Price) values (38755,6574405,'02/03/12',568);
INSERT INTO VISIT (Doc_Number, Pat_Number,Visit_Date,Price) values (99615,6392432,'31/10/14',304);
INSERT INTO VISIT (Doc_Number, Pat_Number,Visit_Date,Price) values (92821,9934166,'26/09/14',293);
INSERT INTO VISIT (Doc_Number, Pat_Number,Visit_Date,Price) values (28646,9062865,'02/05/14',213);
INSERT INTO VISIT (Doc_Number, Pat_Number,Visit_Date,Price) values (10120,2397893,'18/09/13',442);
INSERT INTO VISIT (Doc_Number, Pat_Number,Visit_Date,Price) values (13389,3268992,'10/04/10',288);
INSERT INTO VISIT (Doc_Number, Pat_Number,Visit_Date,Price) values (99982,7073152,'19/12/13',369);
INSERT INTO VISIT (Doc_Number, Pat_Number,Visit_Date,Price) values (28796,6574405,'01/06/12',209);
INSERT INTO VISIT (Doc_Number, Pat_Number,Visit_Date,Price) values (28878,6392432,'08/10/14',405);
INSERT INTO VISIT (Doc_Number, Pat_Number,Visit_Date,Price) values (52391,9934166,'16/01/14',82);
INSERT INTO VISIT (Doc_Number, Pat_Number,Visit_Date,Price) values (50077,9062865,'22/08/14',368);
INSERT INTO VISIT (Doc_Number, Pat_Number,Visit_Date,Price) values (99615,2397893,'04/08/12',520);
INSERT INTO VISIT (Doc_Number, Pat_Number,Visit_Date,Price) values (10535,3268992,'04/01/15',502);
INSERT INTO VISIT (Doc_Number, Pat_Number,Visit_Date,Price) values (10289,7073152,'04/01/11',210);
INSERT INTO VISIT (Doc_Number, Pat_Number,Visit_Date,Price) values (57447,5234209,'16/06/11',570);
INSERT INTO VISIT (Doc_Number, Pat_Number,Visit_Date,Price) values (26732,7469831,'29/12/13',400);
INSERT INTO VISIT (Doc_Number, Pat_Number,Visit_Date,Price) values (26804,7276573,'05/12/12',391);
INSERT INTO VISIT (Doc_Number, Pat_Number,Visit_Date,Price) values (11758,2404768,'20/08/11',320);
INSERT INTO VISIT (Doc_Number, Pat_Number,Visit_Date,Price) values (45493,2879436,'25/03/13',383);
INSERT INTO VISIT (Doc_Number, Pat_Number,Visit_Date,Price) values (13389,1665794,'04/11/10',195);
INSERT INTO VISIT (Doc_Number, Pat_Number,Visit_Date,Price) values (99982,8559913,'06/12/13',404);
INSERT INTO VISIT (Doc_Number, Pat_Number,Visit_Date,Price) values (42632,8838501,'17/06/10',338);
INSERT INTO VISIT (Doc_Number, Pat_Number,Visit_Date,Price) values (38284,6981779,'12/05/10',271);
INSERT INTO VISIT (Doc_Number, Pat_Number,Visit_Date,Price) values (38755,1865987,'06/03/10',291);
INSERT INTO VISIT (Doc_Number, Pat_Number,Visit_Date,Price) values (99615,5325499,'18/02/10',143);
INSERT INTO VISIT (Doc_Number, Pat_Number,Visit_Date,Price) values (92821,6683161,'23/10/11',59);
INSERT INTO VISIT (Doc_Number, Pat_Number,Visit_Date,Price) values (28646,7381969,'28/06/12',391);
INSERT INTO VISIT (Doc_Number, Pat_Number,Visit_Date,Price) values (10120,5927299,'04/04/13',140);
INSERT INTO VISIT (Doc_Number, Pat_Number,Visit_Date,Price) values (13389,1185277,'03/10/10',358);
INSERT INTO VISIT (Doc_Number, Pat_Number,Visit_Date,Price) values (99982,8716373,'24/11/14',484);
INSERT INTO VISIT (Doc_Number, Pat_Number,Visit_Date,Price) values (28796,6874712,'31/12/14',387);
INSERT INTO VISIT (Doc_Number, Pat_Number,Visit_Date,Price) values (28878,6574405,'02/12/12',325);
INSERT INTO VISIT (Doc_Number, Pat_Number,Visit_Date,Price) values (52391,6392432,'25/07/14',187);
INSERT INTO VISIT (Doc_Number, Pat_Number,Visit_Date,Price) values (50077,9934166,'28/07/14',79);
INSERT INTO VISIT (Doc_Number, Pat_Number,Visit_Date,Price) values (99615,73461,'03/02/12',508);
INSERT INTO VISIT (Doc_Number, Pat_Number,Visit_Date,Price) values (10535,4179954,'11/02/13',600);
INSERT INTO VISIT (Doc_Number, Pat_Number,Visit_Date,Price) values (42632,1882363,'05/11/14',338);
INSERT INTO VISIT (Doc_Number, Pat_Number,Visit_Date,Price) values (38284,7794113,'23/11/10',277);
INSERT INTO VISIT (Doc_Number, Pat_Number,Visit_Date,Price) values (38755,8026153,'14/05/10',208);
INSERT INTO VISIT (Doc_Number, Pat_Number,Visit_Date,Price) values (99615,1619722,'13/06/14',142);
INSERT INTO VISIT (Doc_Number, Pat_Number,Visit_Date,Price) values (92821,6080336,'08/12/14',330);
INSERT INTO VISIT (Doc_Number, Pat_Number,Visit_Date,Price) values (28646,4626421,'03/01/15',547);
INSERT INTO VISIT (Doc_Number, Pat_Number,Visit_Date,Price) values (10120,8926215,'17/11/11',61);
INSERT INTO VISIT (Doc_Number, Pat_Number,Visit_Date,Price) values (13389,974845,'12/10/14',232);
INSERT INTO VISIT (Doc_Number, Pat_Number,Visit_Date,Price) values (42632,2788770,'07/11/10',156);
INSERT INTO VISIT (Doc_Number, Pat_Number,Visit_Date,Price) values (38284,7250872,'01/05/13',30);
INSERT INTO VISIT (Doc_Number, Pat_Number,Visit_Date,Price) values (38755,95430,'11/08/13',31);
INSERT INTO VISIT (Doc_Number, Pat_Number,Visit_Date,Price) values (99615,3000232,'12/10/13',518);
INSERT INTO VISIT (Doc_Number, Pat_Number,Visit_Date,Price) values (92821,8631706,'19/12/14',321);
INSERT INTO VISIT (Doc_Number, Pat_Number,Visit_Date,Price) values (35054,6574405,'04/09/11',384);
INSERT INTO VISIT (Doc_Number, Pat_Number,Visit_Date,Price) values (97425,6392432,'15/08/14',112);
INSERT INTO VISIT (Doc_Number, Pat_Number,Visit_Date,Price) values (17061,9934166,'25/09/13',124);
INSERT INTO VISIT (Doc_Number, Pat_Number,Visit_Date,Price) values (63466,719292,'19/02/12',122);
INSERT INTO VISIT (Doc_Number, Pat_Number,Visit_Date,Price) values (56495,8452707,'25/12/14',354);
INSERT INTO VISIT (Doc_Number, Pat_Number,Visit_Date,Price) values (91457,9920345,'28/11/13',386);
INSERT INTO VISIT (Doc_Number, Pat_Number,Visit_Date,Price) values (12855,5426152,'08/04/12',236);
INSERT INTO VISIT (Doc_Number, Pat_Number,Visit_Date,Price) values (11902,1352330,'17/08/11',383);
INSERT INTO VISIT (Doc_Number, Pat_Number,Visit_Date,Price) values (39084,3459302,'27/03/11',176);
INSERT INTO VISIT (Doc_Number, Pat_Number,Visit_Date,Price) values (42632,6590582,'13/05/10',346);
INSERT INTO VISIT (Doc_Number, Pat_Number,Visit_Date,Price) values (38284,7448511,'18/05/12',141);
INSERT INTO VISIT (Doc_Number, Pat_Number,Visit_Date,Price) values (38755,2765102,'19/12/10',60);
INSERT INTO VISIT (Doc_Number, Pat_Number,Visit_Date,Price) values (99615,5591663,'13/03/10',132);
INSERT INTO VISIT (Doc_Number, Pat_Number,Visit_Date,Price) values (92821,6574405,'19/02/10',436);
INSERT INTO VISIT (Doc_Number, Pat_Number,Visit_Date,Price) values (28646,6392432,'14/05/10',217);
INSERT INTO VISIT (Doc_Number, Pat_Number,Visit_Date,Price) values (10120,6574405,'08/10/14',182);
INSERT INTO VISIT (Doc_Number, Pat_Number,Visit_Date,Price) values (35252,9062865,'24/03/12',344);
INSERT INTO VISIT (Doc_Number, Pat_Number,Visit_Date,Price) values (99615,2397893,'24/06/13',216);
INSERT INTO VISIT (Doc_Number, Pat_Number,Visit_Date,Price) values (99615,3268992,'14/06/14',490);
INSERT INTO VISIT (Doc_Number, Pat_Number,Visit_Date,Price) values (21317,7073152,'13/02/13',592);
INSERT INTO VISIT (Doc_Number, Pat_Number,Visit_Date,Price) values (35054,448282,'05/11/13',395);
INSERT INTO VISIT (Doc_Number, Pat_Number,Visit_Date,Price) values (97425,7436660,'26/09/13',32);
INSERT INTO VISIT (Doc_Number, Pat_Number,Visit_Date,Price) values (17061,9080409,'21/11/12',321);
INSERT INTO VISIT (Doc_Number, Pat_Number,Visit_Date,Price) values (63466,3801980,'08/09/13',342);
INSERT INTO VISIT (Doc_Number, Pat_Number,Visit_Date,Price) values (56495,1965544,'14/06/10',63);
INSERT INTO VISIT (Doc_Number, Pat_Number,Visit_Date,Price) values (42632,3921087,'04/07/12',523);
INSERT INTO VISIT (Doc_Number, Pat_Number,Visit_Date,Price) values (38284,4749511,'16/07/14',469);
INSERT INTO VISIT (Doc_Number, Pat_Number,Visit_Date,Price) values (38755,6574405,'13/10/13',64);
INSERT INTO VISIT (Doc_Number, Pat_Number,Visit_Date,Price) values (99615,7469831,'14/12/10',525);
INSERT INTO VISIT (Doc_Number, Pat_Number,Visit_Date,Price) values (92821,7276573,'25/02/13',386);
INSERT INTO VISIT (Doc_Number, Pat_Number,Visit_Date,Price) values (28646,2404768,'01/08/13',355);
INSERT INTO VISIT (Doc_Number, Pat_Number,Visit_Date,Price) values (10120,2879436,'17/08/12',308);
INSERT INTO VISIT (Doc_Number, Pat_Number,Visit_Date,Price) values (13389,1665794,'11/08/12',469);
INSERT INTO VISIT (Doc_Number, Pat_Number,Visit_Date,Price) values (99982,8559913,'26/02/12',450);
INSERT INTO VISIT (Doc_Number, Pat_Number,Visit_Date,Price) values (28796,8838501,'05/10/14',401);
INSERT INTO VISIT (Doc_Number, Pat_Number,Visit_Date,Price) values (99982,6981779,'05/06/12',222);


--- PRESCRIPTION
INSERT INTO PRESCRIPTION (Presc_Number, Drug, Doc_Number, Pat_Number, Visit_Date) values(6,'Clorfenamina',99615,5325499,'18/02/10');
INSERT INTO PRESCRIPTION (Presc_Number, Drug, Doc_Number, Pat_Number, Visit_Date) values(7,'Ibuprofè',92821,6574405,'19/02/10');
INSERT INTO PRESCRIPTION (Presc_Number, Drug, Doc_Number, Pat_Number, Visit_Date) values(8,'Benzodiazepina',11902,1665794,'20/02/10');
INSERT INTO PRESCRIPTION (Presc_Number, Drug, Doc_Number, Pat_Number, Visit_Date) values(9,'Levotiroxina sòdica',38755,1865987,'06/03/10');
INSERT INTO PRESCRIPTION (Presc_Number, Drug, Doc_Number, Pat_Number, Visit_Date) values(10,'Lisinopril',99615,5591663,'13/03/10');
INSERT INTO PRESCRIPTION (Presc_Number, Drug, Doc_Number, Pat_Number, Visit_Date) values(11,'Acarbosa',26507,6392432,'14/03/10');
INSERT INTO PRESCRIPTION (Presc_Number, Drug, Doc_Number, Pat_Number, Visit_Date) values(12,'Acarbosa',26804,8452707,'08/04/10');
INSERT INTO PRESCRIPTION (Presc_Number, Drug, Doc_Number, Pat_Number, Visit_Date) values(13,'Hidrocodona amb acetaminofè',13389,3268992,'10/04/10');
INSERT INTO PRESCRIPTION (Presc_Number, Drug, Doc_Number, Pat_Number, Visit_Date) values(14,'Clorfenamina',38284,6981779,'12/05/10');
INSERT INTO PRESCRIPTION (Presc_Number, Drug, Doc_Number, Pat_Number, Visit_Date) values(16,'Metamizol Sòdico',42632,6590582,'13/05/10');
INSERT INTO PRESCRIPTION (Presc_Number, Drug, Doc_Number, Pat_Number, Visit_Date) values(17,'Clorfenamina',38755,8026153,'14/05/10');
INSERT INTO PRESCRIPTION (Presc_Number, Drug, Doc_Number, Pat_Number, Visit_Date) values(18,'Lidocaïna',10289,1882363,'03/06/10');
INSERT INTO PRESCRIPTION (Presc_Number, Drug, Doc_Number, Pat_Number, Visit_Date) values(19,'Lidocaïna',56495,1965544,'14/06/10');
INSERT INTO PRESCRIPTION (Presc_Number, Drug, Doc_Number, Pat_Number, Visit_Date) values(20,'Ibuprofè',42632,8838501,'17/06/10');
INSERT INTO PRESCRIPTION (Presc_Number, Drug, Doc_Number, Pat_Number, Visit_Date) values(21,'Clorfenamina',26732,8026153,'02/08/10');
INSERT INTO PRESCRIPTION (Presc_Number, Drug, Doc_Number, Pat_Number, Visit_Date) values(22,'Benzodiazepina',92821,2397893,'02/08/10');
INSERT INTO PRESCRIPTION (Presc_Number, Drug, Doc_Number, Pat_Number, Visit_Date) values(23,'Benzodiazepina',10120,7073152,'10/08/10');
INSERT INTO PRESCRIPTION (Presc_Number, Drug, Doc_Number, Pat_Number, Visit_Date) values(24,'Lipitor',17061,9080409,'28/09/10');
INSERT INTO PRESCRIPTION (Presc_Number, Drug, Doc_Number, Pat_Number, Visit_Date) values(25,'Insulina glargina',28646,7381969,'03/10/10');
INSERT INTO PRESCRIPTION (Presc_Number, Drug, Doc_Number, Pat_Number, Visit_Date) values(26,'Lidocaïna',13389,1185277,'03/10/10');
INSERT INTO PRESCRIPTION (Presc_Number, Drug, Doc_Number, Pat_Number, Visit_Date) values(27,'Pravastatina',99615,5325499,'05/10/10');
INSERT INTO PRESCRIPTION (Presc_Number, Drug, Doc_Number, Pat_Number, Visit_Date) values(28,'Insulina glargina',97425,6590582,'11/10/10');
INSERT INTO PRESCRIPTION (Presc_Number, Drug, Doc_Number, Pat_Number, Visit_Date) values(30,'Benzodiazepina',28796,6874712,'23/10/10');
INSERT INTO PRESCRIPTION (Presc_Number, Drug, Doc_Number, Pat_Number, Visit_Date) values(31,'Acarbosa',56495,3155961,'23/10/10');
INSERT INTO PRESCRIPTION (Presc_Number, Drug, Doc_Number, Pat_Number, Visit_Date) values(32,'Clonixinat de Lisina',13389,1665794,'04/11/10');
INSERT INTO PRESCRIPTION (Presc_Number, Drug, Doc_Number, Pat_Number, Visit_Date) values(33,'Pregabalina',42632,2788770,'07/11/10');
INSERT INTO PRESCRIPTION (Presc_Number, Drug, Doc_Number, Pat_Number, Visit_Date) values(34,'Benzodiazepina',35054,448282,'12/11/10');
INSERT INTO PRESCRIPTION (Presc_Number, Drug, Doc_Number, Pat_Number, Visit_Date) values(35,'Lidocaïna',38284,7794113,'23/11/10');
INSERT INTO PRESCRIPTION (Presc_Number, Drug, Doc_Number, Pat_Number, Visit_Date) values(36,'Paracetamol',99615,7469831,'14/12/10');
INSERT INTO PRESCRIPTION (Presc_Number, Drug, Doc_Number, Pat_Number, Visit_Date) values(37,'Metamizol Sòdico',38755,2765102,'19/12/10');
INSERT INTO PRESCRIPTION (Presc_Number, Drug, Doc_Number, Pat_Number, Visit_Date) values(38,'Colquicina',10289,7073152,'04/01/11');
INSERT INTO PRESCRIPTION (Presc_Number, Drug, Doc_Number, Pat_Number, Visit_Date) values(39,'Lidocaïna',39084,8559913,'13/01/11');
INSERT INTO PRESCRIPTION (Presc_Number, Drug, Doc_Number, Pat_Number, Visit_Date) values(40,'Paracetamol',35356,9934166,'15/02/11');
INSERT INTO PRESCRIPTION (Presc_Number, Drug, Doc_Number, Pat_Number, Visit_Date) values(41,'Colquicina',99615,73461,'26/03/11');
INSERT INTO PRESCRIPTION (Presc_Number, Drug, Doc_Number, Pat_Number, Visit_Date) values(42,'Gentamicina',39084,3459302,'27/03/11');
INSERT INTO PRESCRIPTION (Presc_Number, Drug, Doc_Number, Pat_Number, Visit_Date) values(43,'Amoxicilina',50077,3000232,'28/03/11');
INSERT INTO PRESCRIPTION (Presc_Number, Drug, Doc_Number, Pat_Number, Visit_Date) values(44,'Diclofenac',26902,6574405,'30/03/11');
INSERT INTO PRESCRIPTION (Presc_Number, Drug, Doc_Number, Pat_Number, Visit_Date) values(45,'Clorfenamina',10289,4443475,'17/05/11');
INSERT INTO PRESCRIPTION (Presc_Number, Drug, Doc_Number, Pat_Number, Visit_Date) values(46,'Metamizol Sòdico',97425,7436660,'22/05/11');
INSERT INTO PRESCRIPTION (Presc_Number, Drug, Doc_Number, Pat_Number, Visit_Date) values(47,'Lipitor',35252,9062865,'07/06/11');
INSERT INTO PRESCRIPTION (Presc_Number, Drug, Doc_Number, Pat_Number, Visit_Date) values(48,'Micofenolat',57447,5234209,'16/06/11');
INSERT INTO PRESCRIPTION (Presc_Number, Drug, Doc_Number, Pat_Number, Visit_Date) values(49,'Insulina glargina',21317,7073152,'02/07/11');
INSERT INTO PRESCRIPTION (Presc_Number, Drug, Doc_Number, Pat_Number, Visit_Date) values(51,'Hidrocodona amb acetaminofè',56495,5591663,'03/08/11');
INSERT INTO PRESCRIPTION (Presc_Number, Drug, Doc_Number, Pat_Number, Visit_Date) values(52,'Ibuprofè',42632,8838501,'13/08/11');
INSERT INTO PRESCRIPTION (Presc_Number, Drug, Doc_Number, Pat_Number, Visit_Date) values(53,'Clorfenamina',11902,1352330,'17/08/11');
INSERT INTO PRESCRIPTION (Presc_Number, Drug, Doc_Number, Pat_Number, Visit_Date) values(54,'Amoxicilina',11758,2404768,'20/08/11');
INSERT INTO PRESCRIPTION (Presc_Number, Drug, Doc_Number, Pat_Number, Visit_Date) values(55,'Lidocaïna',35054,6574405,'04/09/11');
INSERT INTO PRESCRIPTION (Presc_Number, Drug, Doc_Number, Pat_Number, Visit_Date) values(56,'Ibuprofè',38755,9934166,'09/09/11');
INSERT INTO PRESCRIPTION (Presc_Number, Drug, Doc_Number, Pat_Number, Visit_Date) values(57,'Clorfenamina',44879,7469831,'05/10/11');
INSERT INTO PRESCRIPTION (Presc_Number, Drug, Doc_Number, Pat_Number, Visit_Date) values(58,'Gentamicina',26804,1619722,'23/10/11');
INSERT INTO PRESCRIPTION (Presc_Number, Drug, Doc_Number, Pat_Number, Visit_Date) values(59,'Gentamicina',92821,6683161,'23/10/11');
INSERT INTO PRESCRIPTION (Presc_Number, Drug, Doc_Number, Pat_Number, Visit_Date) values(60,'Amoxicilina',99615,5234209,'01/11/11');
INSERT INTO PRESCRIPTION (Presc_Number, Drug, Doc_Number, Pat_Number, Visit_Date) values(61,'Diclofenac',10120,8926215,'17/11/11');
INSERT INTO PRESCRIPTION (Presc_Number, Drug, Doc_Number, Pat_Number, Visit_Date) values(63,'Lidocaïna',38284,2869935,'04/12/11');
INSERT INTO PRESCRIPTION (Presc_Number, Drug, Doc_Number, Pat_Number, Visit_Date) values(64,'Acarbosa',50077,8217638,'08/12/11');
INSERT INTO PRESCRIPTION (Presc_Number, Drug, Doc_Number, Pat_Number, Visit_Date) values(65,'Clorfenamina',99615,73461,'03/02/12');
INSERT INTO PRESCRIPTION (Presc_Number, Drug, Doc_Number, Pat_Number, Visit_Date) values(66,'Àcid clabulònic',63466,719292,'19/02/12');
INSERT INTO PRESCRIPTION (Presc_Number, Drug, Doc_Number, Pat_Number, Visit_Date) values(67,'Amoxicilina',10535,258651,'25/02/12');
INSERT INTO PRESCRIPTION (Presc_Number, Drug, Doc_Number, Pat_Number, Visit_Date) values(68,'Àcid clabulònic',38755,6574405,'02/03/12');
INSERT INTO PRESCRIPTION (Presc_Number, Drug, Doc_Number, Pat_Number, Visit_Date) values(69,'Clorfenamina',11758,9920345,'08/03/12');
INSERT INTO PRESCRIPTION (Presc_Number, Drug, Doc_Number, Pat_Number, Visit_Date) values(70,'Clorfenamina',35252,9062865,'24/03/12');
INSERT INTO PRESCRIPTION (Presc_Number, Drug, Doc_Number, Pat_Number, Visit_Date) values(72,'Hidrocodona amb acetaminofè',42632,6574405,'28/03/12');
INSERT INTO PRESCRIPTION (Presc_Number, Drug, Doc_Number, Pat_Number, Visit_Date) values(73,'Clorfenamina',12855,5426152,'08/04/12');
INSERT INTO PRESCRIPTION (Presc_Number, Drug, Doc_Number, Pat_Number, Visit_Date) values(74,'Clonixinat de Lisina',99615,7436660,'14/04/12');
INSERT INTO PRESCRIPTION (Presc_Number, Drug, Doc_Number, Pat_Number, Visit_Date) values(75,'Gentamicina',99982,974845,'16/04/12');
INSERT INTO PRESCRIPTION (Presc_Number, Drug, Doc_Number, Pat_Number, Visit_Date) values(76,'Benzodiazepina',63466,3801980,'12/05/12');
INSERT INTO PRESCRIPTION (Presc_Number, Drug, Doc_Number, Pat_Number, Visit_Date) values(77,'Pregabalina',38284,7448511,'18/05/12');
INSERT INTO PRESCRIPTION (Presc_Number, Drug, Doc_Number, Pat_Number, Visit_Date) values(78,'Hidrocodona amb acetaminofè',28796,6574405,'01/06/12');
INSERT INTO PRESCRIPTION (Presc_Number, Drug, Doc_Number, Pat_Number, Visit_Date) values(79,'Àcid clabulònic',99982,6981779,'05/06/12');
INSERT INTO PRESCRIPTION (Presc_Number, Drug, Doc_Number, Pat_Number, Visit_Date) values(80,'Paracetamol',99615,8631706,'22/06/12');
INSERT INTO PRESCRIPTION (Presc_Number, Drug, Doc_Number, Pat_Number, Visit_Date) values(81,'Insulina glargina',28646,7381969,'28/06/12');
INSERT INTO PRESCRIPTION (Presc_Number, Drug, Doc_Number, Pat_Number, Visit_Date) values(82,'Gentamicina',42632,3921087,'04/07/12');
INSERT INTO PRESCRIPTION (Presc_Number, Drug, Doc_Number, Pat_Number, Visit_Date) values(83,'Pregabalina',12855,6472466,'08/07/12');
INSERT INTO PRESCRIPTION (Presc_Number, Drug, Doc_Number, Pat_Number, Visit_Date) values(84,'Ibuprofè',21317,3801980,'24/07/12');
INSERT INTO PRESCRIPTION (Presc_Number, Drug, Doc_Number, Pat_Number, Visit_Date) values(85,'Lisinopril',99615,2397893,'04/08/12');
INSERT INTO PRESCRIPTION (Presc_Number, Drug, Doc_Number, Pat_Number, Visit_Date) values(86,'Levotiroxina sòdica',13389,1665794,'11/08/12');
INSERT INTO PRESCRIPTION (Presc_Number, Drug, Doc_Number, Pat_Number, Visit_Date) values(87,'Clorfenamina',10120,2879436,'17/08/12');
INSERT INTO PRESCRIPTION (Presc_Number, Drug, Doc_Number, Pat_Number, Visit_Date) values(88,'Paracetamol',63466,2765102,'18/08/12');
INSERT INTO PRESCRIPTION (Presc_Number, Drug, Doc_Number, Pat_Number, Visit_Date) values(89,'Levotiroxina sòdica',13389,8926215,'27/08/12');
INSERT INTO PRESCRIPTION (Presc_Number, Drug, Doc_Number, Pat_Number, Visit_Date) values(90,'Clorfenamina',57447,7794113,'23/09/12');
INSERT INTO PRESCRIPTION (Presc_Number, Drug, Doc_Number, Pat_Number, Visit_Date) values(91,'Acarbosa',28796,2788770,'04/10/12');
INSERT INTO PRESCRIPTION (Presc_Number, Drug, Doc_Number, Pat_Number, Visit_Date) values(92,'Micofenolat',99615,9062865,'27/10/12');
INSERT INTO PRESCRIPTION (Presc_Number, Drug, Doc_Number, Pat_Number, Visit_Date) values(93,'Lisinopril',17061,9080409,'21/11/12');
INSERT INTO PRESCRIPTION (Presc_Number, Drug, Doc_Number, Pat_Number, Visit_Date) values(94,'Gentamicina',91457,8861727,'22/11/12');
INSERT INTO PRESCRIPTION (Presc_Number, Drug, Doc_Number, Pat_Number, Visit_Date) values(95,'Paracetamol',28878,6574405,'02/12/12');
INSERT INTO PRESCRIPTION (Presc_Number, Drug, Doc_Number, Pat_Number, Visit_Date) values(98,'Paracetamol',26804,7276573,'05/12/12');
INSERT INTO PRESCRIPTION (Presc_Number, Drug, Doc_Number, Pat_Number, Visit_Date) values(99,'Àcid acetil salicílic',26804,7276573,'05/12/12');
INSERT INTO PRESCRIPTION (Presc_Number, Drug, Doc_Number, Pat_Number, Visit_Date) values(100,'Àcid acetil salicílic',28878,6574405,'02/12/12');
INSERT INTO PRESCRIPTION (Presc_Number, Drug, Doc_Number, Pat_Number, Visit_Date) values(101,'Lisinopril',26804,7276573,'05/12/12');
INSERT INTO PRESCRIPTION (Presc_Number, Drug, Doc_Number, Pat_Number, Visit_Date) values(102,'Acarbosa',35054,3459302,'09/12/12');
INSERT INTO PRESCRIPTION (Presc_Number, Drug, Doc_Number, Pat_Number, Visit_Date) values(103,'Lidocaïna',45493,4626421,'12/12/12');
INSERT INTO PRESCRIPTION (Presc_Number, Drug, Doc_Number, Pat_Number, Visit_Date) values(104,'Acarbosa',17061,7448511,'03/02/13');
INSERT INTO PRESCRIPTION (Presc_Number, Drug, Doc_Number, Pat_Number, Visit_Date) values(105,'Micofenolat',10535,4179954,'11/02/13');
INSERT INTO PRESCRIPTION (Presc_Number, Drug, Doc_Number, Pat_Number, Visit_Date) values(106,'Lidocaïna',21317,7073152,'13/02/13');
INSERT INTO PRESCRIPTION (Presc_Number, Drug, Doc_Number, Pat_Number, Visit_Date) values(107,'Metamizol Sòdico',11423,2404768,'24/02/13');
INSERT INTO PRESCRIPTION (Presc_Number, Drug, Doc_Number, Pat_Number, Visit_Date) values(108,'Lorastan',92821,7276573,'25/02/13');
INSERT INTO PRESCRIPTION (Presc_Number, Drug, Doc_Number, Pat_Number, Visit_Date) values(109,'Pravastatina',45493,2879436,'25/03/13');
INSERT INTO PRESCRIPTION (Presc_Number, Drug, Doc_Number, Pat_Number, Visit_Date) values(110,'Hidrocodona amb acetaminofè',35252,448282,'28/03/13');
INSERT INTO PRESCRIPTION (Presc_Number, Drug, Doc_Number, Pat_Number, Visit_Date) values(112,'Clonixinat de Lisina',10120,5927299,'04/04/13');
INSERT INTO PRESCRIPTION (Presc_Number, Drug, Doc_Number, Pat_Number, Visit_Date) values(114,'Àcid clabulònic',45957,2879436,'08/04/13');
INSERT INTO PRESCRIPTION (Presc_Number, Drug, Doc_Number, Pat_Number, Visit_Date) values(115,'Pravastatina',63466,7667647,'27/04/13');
INSERT INTO PRESCRIPTION (Presc_Number, Drug, Doc_Number, Pat_Number, Visit_Date) values(116,'Hidrocodona amb acetaminofè',38284,7250872,'01/05/13');
INSERT INTO PRESCRIPTION (Presc_Number, Drug, Doc_Number, Pat_Number, Visit_Date) values(117,'Micofenolat',99615,9080409,'13/05/13');
INSERT INTO PRESCRIPTION (Presc_Number, Drug, Doc_Number, Pat_Number, Visit_Date) values(118,'Lisinopril',42632,506903,'17/05/13');
INSERT INTO PRESCRIPTION (Presc_Number, Drug, Doc_Number, Pat_Number, Visit_Date) values(119,'Colquicina',11758,6080336,'21/06/13');
INSERT INTO PRESCRIPTION (Presc_Number, Drug, Doc_Number, Pat_Number, Visit_Date) values(120,'Lisinopril',99615,2397893,'24/06/13');
INSERT INTO PRESCRIPTION (Presc_Number, Drug, Doc_Number, Pat_Number, Visit_Date) values(121,'Paracetamol',57447,1045777,'04/07/13');
INSERT INTO PRESCRIPTION (Presc_Number, Drug, Doc_Number, Pat_Number, Visit_Date) values(122,'Ibuprofè',57447,1045777,'04/07/13');
INSERT INTO PRESCRIPTION (Presc_Number, Drug, Doc_Number, Pat_Number, Visit_Date) values(123,'Gentamicina',57447,1045777,'04/07/13');
INSERT INTO PRESCRIPTION (Presc_Number, Drug, Doc_Number, Pat_Number, Visit_Date) values(124,'Paracetamol',11902,2179710,'09/07/13');
INSERT INTO PRESCRIPTION (Presc_Number, Drug, Doc_Number, Pat_Number, Visit_Date) values(125,'Lipitor',28646,2404768,'01/08/13');
INSERT INTO PRESCRIPTION (Presc_Number, Drug, Doc_Number, Pat_Number, Visit_Date) values(126,'Paracetamol',38755,95430,'11/08/13');
INSERT INTO PRESCRIPTION (Presc_Number, Drug, Doc_Number, Pat_Number, Visit_Date) values(127,'Micofenolat',99615,3268992,'26/08/13');
INSERT INTO PRESCRIPTION (Presc_Number, Drug, Doc_Number, Pat_Number, Visit_Date) values(128,'Gentamicina',63466,3801980,'08/09/13');
INSERT INTO PRESCRIPTION (Presc_Number, Drug, Doc_Number, Pat_Number, Visit_Date) values(129,'Amoxicilina',10120,2397893,'18/09/13');
INSERT INTO PRESCRIPTION (Presc_Number, Drug, Doc_Number, Pat_Number, Visit_Date) values(130,'Ibuprofè',13389,1185277,'21/09/13');
INSERT INTO PRESCRIPTION (Presc_Number, Drug, Doc_Number, Pat_Number, Visit_Date) values(131,'Ibuprofè',17061,9934166,'25/09/13');
INSERT INTO PRESCRIPTION (Presc_Number, Drug, Doc_Number, Pat_Number, Visit_Date) values(132,'Levotiroxina sòdica',97425,7436660,'26/09/13');
INSERT INTO PRESCRIPTION (Presc_Number, Drug, Doc_Number, Pat_Number, Visit_Date) values(133,'Àcid clabulònic',26732,719292,'07/10/13');
INSERT INTO PRESCRIPTION (Presc_Number, Drug, Doc_Number, Pat_Number, Visit_Date) values(134,'Colquicina',99615,3000232,'12/10/13');
INSERT INTO PRESCRIPTION (Presc_Number, Drug, Doc_Number, Pat_Number, Visit_Date) values(135,'Acarbosa',38755,1865987,'04/11/13');
INSERT INTO PRESCRIPTION (Presc_Number, Drug, Doc_Number, Pat_Number, Visit_Date) values(136,'Pregabalina',35054,448282,'05/11/13');
INSERT INTO PRESCRIPTION (Presc_Number, Drug, Doc_Number, Pat_Number, Visit_Date) values(137,'Amoxicilina',91457,9920345,'28/11/13');
INSERT INTO PRESCRIPTION (Presc_Number, Drug, Doc_Number, Pat_Number, Visit_Date) values(138,'Micofenolat',99982,8559913,'06/12/13');
INSERT INTO PRESCRIPTION (Presc_Number, Drug, Doc_Number, Pat_Number, Visit_Date) values(139,'Metamizol Sòdico',38284,6392432,'09/12/13');
INSERT INTO PRESCRIPTION (Presc_Number, Drug, Doc_Number, Pat_Number, Visit_Date) values(140,'Lorastan',99982,7073152,'19/12/13');
INSERT INTO PRESCRIPTION (Presc_Number, Drug, Doc_Number, Pat_Number, Visit_Date) values(141,'Levotiroxina sòdica',26732,7469831,'29/12/13');
INSERT INTO PRESCRIPTION (Presc_Number, Drug, Doc_Number, Pat_Number, Visit_Date) values(142,'Paracetamol',52391,9934166,'16/01/14');
INSERT INTO PRESCRIPTION (Presc_Number, Drug, Doc_Number, Pat_Number, Visit_Date) values(143,'Micofenolat',52391,95430,'18/01/14');
INSERT INTO PRESCRIPTION (Presc_Number, Drug, Doc_Number, Pat_Number, Visit_Date) values(144,'Ibuprofè',38284,6981779,'22/01/14');
INSERT INTO PRESCRIPTION (Presc_Number, Drug, Doc_Number, Pat_Number, Visit_Date) values(145,'Àcid acetil salicílic',39084,9082141,'14/02/14');
INSERT INTO PRESCRIPTION (Presc_Number, Drug, Doc_Number, Pat_Number, Visit_Date) values(146,'Paracetamol',92821,6683161,'08/04/14');
INSERT INTO PRESCRIPTION (Presc_Number, Drug, Doc_Number, Pat_Number, Visit_Date) values(147,'Lidocaïna',28646,9062865,'02/05/14');
INSERT INTO PRESCRIPTION (Presc_Number, Drug, Doc_Number, Pat_Number, Visit_Date) values(148,'Ibuprofè',99615,1619722,'13/06/14');
INSERT INTO PRESCRIPTION (Presc_Number, Drug, Doc_Number, Pat_Number, Visit_Date) values(150,'Amoxicilina',99615,3268992,'14/06/14');
INSERT INTO PRESCRIPTION (Presc_Number, Drug, Doc_Number, Pat_Number, Visit_Date) values(151,'Àcid acetil salicílic',28878,7250872,'27/06/14');
INSERT INTO PRESCRIPTION (Presc_Number, Drug, Doc_Number, Pat_Number, Visit_Date) values(152,'Gentamicina',38284,4749511,'16/07/14');
INSERT INTO PRESCRIPTION (Presc_Number, Drug, Doc_Number, Pat_Number, Visit_Date) values(153,'Àcid acetil salicílic',52391,6392432,'25/07/14');
INSERT INTO PRESCRIPTION (Presc_Number, Drug, Doc_Number, Pat_Number, Visit_Date) values(154,'Ibuprofè',50077,9934166,'28/07/14');
INSERT INTO PRESCRIPTION (Presc_Number, Drug, Doc_Number, Pat_Number, Visit_Date) values(155,'Paracetamol',97425,7164720,'07/08/14');
INSERT INTO PRESCRIPTION (Presc_Number, Drug, Doc_Number, Pat_Number, Visit_Date) values(157,'Insulina glargina',97425,6392432,'15/08/14');
INSERT INTO PRESCRIPTION (Presc_Number, Drug, Doc_Number, Pat_Number, Visit_Date) values(158,'Clorfenamina',50077,9062865,'22/08/14');
INSERT INTO PRESCRIPTION (Presc_Number, Drug, Doc_Number, Pat_Number, Visit_Date) values(159,'Paracetamol',92821,9934166,'26/09/14');
INSERT INTO PRESCRIPTION (Presc_Number, Drug, Doc_Number, Pat_Number, Visit_Date) values(160,'Àcid clabulònic',10120,6574405,'08/10/14');
INSERT INTO PRESCRIPTION (Presc_Number, Drug, Doc_Number, Pat_Number, Visit_Date) values(161,'Colquicina',13389,974845,'12/10/14');
INSERT INTO PRESCRIPTION (Presc_Number, Drug, Doc_Number, Pat_Number, Visit_Date) values(162,'Insulina glargina',99615,6392432,'31/10/14');
INSERT INTO PRESCRIPTION (Presc_Number, Drug, Doc_Number, Pat_Number, Visit_Date) values(163,'Micofenolat',42632,1882363,'05/11/14');
INSERT INTO PRESCRIPTION (Presc_Number, Drug, Doc_Number, Pat_Number, Visit_Date) values(164,'Paracetamol',99982,8716373,'09/11/14');
INSERT INTO PRESCRIPTION (Presc_Number, Drug, Doc_Number, Pat_Number, Visit_Date) values(165,'Lidocaïna',10535,4179954,'19/11/14');
INSERT INTO PRESCRIPTION (Presc_Number, Drug, Doc_Number, Pat_Number, Visit_Date) values(166,'Paracetamol',99982,8716373,'24/11/14');
INSERT INTO PRESCRIPTION (Presc_Number, Drug, Doc_Number, Pat_Number, Visit_Date) values(167,'Ibuprofè',92821,6080336,'08/12/14');
INSERT INTO PRESCRIPTION (Presc_Number, Drug, Doc_Number, Pat_Number, Visit_Date) values(168,'Paracetamol',28878,1725512,'18/12/14');
INSERT INTO PRESCRIPTION (Presc_Number, Drug, Doc_Number, Pat_Number, Visit_Date) values(169,'Clorfenamina',92821,8631706,'19/12/14');
INSERT INTO PRESCRIPTION (Presc_Number, Drug, Doc_Number, Pat_Number, Visit_Date) values(170,'Acarbosa',12855,4749511,'23/12/14');
INSERT INTO PRESCRIPTION (Presc_Number, Drug, Doc_Number, Pat_Number, Visit_Date) values(171,'Levotiroxina sòdica',56495,8452707,'25/12/14');
INSERT INTO PRESCRIPTION (Presc_Number, Drug, Doc_Number, Pat_Number, Visit_Date) values(172,'Acarbosa',99615,2397893,'30/12/14');
INSERT INTO PRESCRIPTION (Presc_Number, Drug, Doc_Number, Pat_Number, Visit_Date) values(173,'Amoxicilina',52391,4273361,'20/01/15');
INSERT INTO PRESCRIPTION (Presc_Number, Drug, Doc_Number, Pat_Number, Visit_Date) values(174,'Amoxicilina',28646,3268992,'28/02/15');

COMMIT;
