SET search_path TO ubd_20151;

SET datestyle = DMY;

BEGIN WORK;
SET TRANSACTION READ WRITE;

--- DOCTOR
INSERT INTO DOCTOR (Doc_number,Name,Specialty,Address,City,Phone,Salary,DNI) values(26902,'Dr. Alemany','Traumatologia','C. Muntaner, 55,','Barcelona','657982553',71995,'52561523T');
INSERT INTO DOCTOR (Doc_number,Name,Specialty,Address,City,Phone,Salary,DNI) values(26507,'Dra. Álvarez','Dermatologia','C. Lleó, 40,','Badalona','671487344',90514,'18762235N');
INSERT INTO DOCTOR (Doc_number,Name,Specialty,Address,City,Phone,Salary,DNI) values(35356,'Dra. Armengol','Oncologia','C. Casp, 57','Barcelona','627109462',66905,'88389236T');
INSERT INTO DOCTOR (Doc_number,Name,Specialty,Address,City,Phone,Salary,DNI) values(35252,'Dr. Balasc','Geriatria','C. Nou, 58','Vic','659316662',102089,'69432237K');
INSERT INTO DOCTOR (Doc_number,Name,Specialty,Address,City,Phone,Salary,DNI) values(99615,'Dr. Bonastre','Traumatologia','C. Muntaner, 150,','Barcelona','695108660',68589,'83420238H');
INSERT INTO DOCTOR (Doc_number,Name,Specialty,Address,City,Phone,Salary,DNI) values(17442,'Dra. Bosch','Medicina familiar i comunitària','C. Mar, 60,','Badalona','674063571',109852,'17210239C');
INSERT INTO DOCTOR (Doc_number,Name,Specialty,Address,City,Phone,Salary,DNI) values(21317,'Dr. Casajuana','Ginecologia','C. Anglí, 61,','Barcelona','697078725',74266,'55512240V');
INSERT INTO DOCTOR (Doc_number,Name,Specialty,Address,City,Phone,Salary,DNI) values(35054,'Dra. Díaz','Anestèsia','C. Pedraforca, 62,','Vic','601073739',115778,'20922430G');
INSERT INTO DOCTOR (Doc_number,Name,Specialty,Address,City,Phone,Salary,DNI) values(97425,'Dr. Fernández','Cardiologia','C. Aribau, 63,','Barcelona','699167645',92895,'11327431M');
INSERT INTO DOCTOR (Doc_number,Name,Specialty,Address,City,Phone,Salary,DNI) values(17061,'Dra. García','Medicina interna','C. Sardenya, 56,','Barcelona','660068893',116233,'17527432C');
INSERT INTO DOCTOR (Doc_number,Name,Specialty,Address,City,Phone,Salary,DNI) values(63466,'Dra. Gasull','Medicina esportiva','C. Sardenya, 323,','Barcelona','635706807',108850,'15006433W');
INSERT INTO DOCTOR (Doc_number,Name,Specialty,Address,City,Phone,Salary,DNI) values(56495,'Dra. Gómez','Medicina familiar i comunitària','C. Tres Creus, 166,','Sabadell','635575351',80374,'85386434Q');
INSERT INTO DOCTOR (Doc_number,Name,Specialty,Address,City,Phone,Salary,DNI) values(91457,'Dr. González','Neurologia','C. Balmes, 256,','Barcelona','668474469',74112,'52371435F');
INSERT INTO DOCTOR (Doc_number,Name,Specialty,Address,City,Phone,Salary,DNI) values(12855,'Dr. Grau','Anestèsia','Av. Diagonal, 523,','Barcelona','603413282',74346,'41481436C');
INSERT INTO DOCTOR (Doc_number,Name,Specialty,Address,City,Phone,Salary,DNI) values(38618,'Dr. Hernández','Medicina esportiva','C. Balmes, 146,','Barcelona','625699765',98720,'22739437Z');
INSERT INTO DOCTOR (Doc_number,Name,Specialty,Address,City,Phone,Salary,DNI) values(44879,'Dr. Jiménez','Geriatria','C. Valls, 46,','Terrassa','613796168',58885,'23512438K');
INSERT INTO DOCTOR (Doc_number,Name,Specialty,Address,City,Phone,Salary,DNI) values(22230,'Dra. Llach','Reumatologia','C. Gràcia, 33,','Sabadell','657627078',85292,'47629439V');
INSERT INTO DOCTOR (Doc_number,Name,Specialty,Address,City,Phone,Salary,DNI) values(11423,'Dr. López','Urologia','C. Calvet,64,','Barcelona','686311392',103837,'64152440Q');
INSERT INTO DOCTOR (Doc_number,Name,Specialty,Address,City,Phone,Salary,DNI) values(45957,'Dra. Martin','Psiquiatria','Passeig Picasso, 49,','Barcelona','607662479',84430,'90119441X');
INSERT INTO DOCTOR (Doc_number,Name,Specialty,Address,City,Phone,Salary,DNI) values(11902,'Dr. Martínez','Gastroenterologia','C. Puigmal, 27,','Vic','658781741',116471,'87528764Z');
INSERT INTO DOCTOR (Doc_number,Name,Specialty,Address,City,Phone,Salary,DNI) values(39084,'Dr. Mas','Geriatria','C. Fortuna, 50,','L''Hospitalet','658931174',87020,'59017765A');
INSERT INTO DOCTOR (Doc_number,Name,Specialty,Address,City,Phone,Salary,DNI) values(42632,'Dra. Moreno','Pediatria','C. Teuleries, 10,','Lleida','654280411',95748,'45672766C');
INSERT INTO DOCTOR (Doc_number,Name,Specialty,Address,City,Phone,Salary,DNI) values(38284,'Dr. Muñoz','Medicina interna','C. Villaroel, 102,','Barcelona','684358021',78201,'54920767E');
INSERT INTO DOCTOR (Doc_number,Name,Specialty,Address,City,Phone,Salary,DNI) values(38755,'Dra. Nadal','Al·lergologia','Pl. Oli, 4,','Girona','647780532',88416,'91510768B');
INSERT INTO DOCTOR (Doc_number,Name,Specialty,Address,City,Phone,Salary,DNI) values(28323,'Dra. Navarro','Pediatria','Av. Jaume I, 45,','Reus','655795192',65359,'91582769E');
INSERT INTO DOCTOR (Doc_number,Name,Specialty,Address,City,Phone,Salary,DNI) values(92821,'Dr. Pérez','Ginecologia','C. Urgell, 24,','Barcelona','624944817',90683,'68826770Q');
INSERT INTO DOCTOR (Doc_number,Name,Specialty,Address,City,Phone,Salary,DNI) values(28646,'Dr. Pons','Geriatria','Rambla Nova,58','Tarragona','632093476',76544,'51161771S');
INSERT INTO DOCTOR (Doc_number,Name,Specialty,Address,City,Phone,Salary,DNI) values(10120,'Dr. Reixach','Medicina interna','Av. Catalunya, 183,','Tarragona','636175285',96340,'31041772H');
INSERT INTO DOCTOR (Doc_number,Name,Specialty,Address,City,Phone,Salary,DNI) values(13389,'Dra. Ricart','Medicina familiar i comunitària','C. Benidorm, 30,','Reus','687362993',109253,'35063773S');
INSERT INTO DOCTOR (Doc_number,Name,Specialty,Address,City,Phone,Salary,DNI) values(99982,'Dra. Rodríguez','Urologia','Via Augusta, 54','Barcelona','631975838',76099,'36449774A');
INSERT INTO DOCTOR (Doc_number,Name,Specialty,Address,City,Phone,Salary,DNI) values(28796,'Dra. Roig','Medicina familiar i comunitària','Av. Tibidabo, 79','Barcelona','627647066',104412,'45228231Y');
INSERT INTO DOCTOR (Doc_number,Name,Specialty,Address,City,Phone,Salary,DNI) values(28878,'Dr. Romero','Pediatria','C. Vallcalent, 115','Lleida','659469357',66966,'33918232D');
INSERT INTO DOCTOR (Doc_number,Name,Specialty,Address,City,Phone,Salary,DNI) values(52391,'Dr. Ros','Psiquiatria','C. Portal Nou, 40','Girona','613043948',73050,'17559233N');
INSERT INTO DOCTOR (Doc_number,Name,Specialty,Address,City,Phone,Salary,DNI) values(50077,'Dra. Ruíz','Medicina familiar i comunitària','Passeig Bonanova, 102,','Barcelona','670387228',97332,'68785234H');
INSERT INTO DOCTOR (Doc_number,Name,Specialty,Address,City,Phone,Salary,DNI) values(95849,'Dr. Sabater','Ginecologia','C. Urgell, 221','Barcelona','596982399',96763,'42693235P');
INSERT INTO DOCTOR (Doc_number,Name,Specialty,Address,City,Phone,Salary,DNI) values(10535,'Dra Sala','Medicina familiar i comunitària','C. Gósol, 21,','Barcelona','660673011',118182,'67681236F');
INSERT INTO DOCTOR (Doc_number,Name,Specialty,Address,City,Phone,Salary,DNI) values(10289,'Dr. Sánchez','Psiquiatria','C. Torelló, 43','Vic','693539678',66383,'37852237P');
INSERT INTO DOCTOR (Doc_number,Name,Specialty,Address,City,Phone,Salary,DNI) values(57447,'Dra. Serra','Urologia','C. Bonaire, 56','Sitges','653102733',57310,'85051238E');
INSERT INTO DOCTOR (Doc_number,Name,Specialty,Address,City,Phone,Salary,DNI) values(26732,'Dr. Soler','Pneumologia','C. Verdi, 78','Barcelona','651201636',70403,'71629239C');
INSERT INTO DOCTOR (Doc_number,Name,Specialty,Address,City,Phone,Salary,DNI) values(26804,'Dra. Torres','Traumatologia','Via Augusta, 153','Barcelona','619556891',71503,'72081240S');
INSERT INTO DOCTOR (Doc_number,Name,Specialty,Address,City,Phone,Salary,DNI) values(11758,'Dra. Vidal','Pediatria','Travessera de Dalt, 54,','Barcelona','600775458',99872,'83450241Y');
INSERT INTO DOCTOR (Doc_number,Name,Specialty,Address,City,Phone,Salary,DNI) values(45493,'Dra. Vives','Ginecologia','Passeig Bonanova, 43,','Barcelona','652122694',94027,'42641242H');

--- PATIENT 
INSERT INTO PATIENT (Pat_Number, Name, Address, City, DNI) values (6574405,'Sra. Alemany ','C. Muntaner, 80','Barcelona','176784267B');
INSERT INTO PATIENT (Pat_Number, Name, Address, City, DNI) values (6392432,'Sr. Álvarez','C. Lleó, 32','Badalona','453420307D');
INSERT INTO PATIENT (Pat_Number, Name, Address, City, DNI) values (9934166,'Sr. Armengol','C. Casp, 50','Barcelona','893084415G');
INSERT INTO PATIENT (Pat_Number, Name, Address, City, DNI) values (9062865,'Sra. Balasc','C. Nou, 27','Vic','139208509C');
INSERT INTO PATIENT (Pat_Number, Name, Address, City, DNI) values (2397893,'Sra. Bonastre','C. Muntaner, 40','Barcelona','175880731F');
INSERT INTO PATIENT (Pat_Number, Name, Address, City, DNI) values (3268992,'Sr. Bosch','C. Mar, 43','Badalona','196249494Q');
INSERT INTO PATIENT (Pat_Number, Name, Address, City, DNI) values (7073152,'Sra. Casajuana','C. Anglí, 63','Barcelona','182581783D');
INSERT INTO PATIENT (Pat_Number, Name, Address, City, DNI) values (448282,'Sr. Díaz','C. Pedraforca, 48','Vic','471549505D');
INSERT INTO PATIENT (Pat_Number, Name, Address, City, DNI) values (7436660,'Sra. Fernández','C. Aribau, 169','Barcelona','316823834F');
INSERT INTO PATIENT (Pat_Number, Name, Address, City, DNI) values (9080409,'Sr. García','C. Sardenya, 157','Barcelona','160862984H');
INSERT INTO PATIENT (Pat_Number, Name, Address, City, DNI) values (3801980,'Sr. Gasull','C. Sardenya, 313','Barcelona','623428498C');
INSERT INTO PATIENT (Pat_Number, Name, Address, City, DNI) values (1965544,'Sr. Gómez','C. Tres Creus, 16','Sabadell','216351004D');
INSERT INTO PATIENT (Pat_Number, Name, Address, City, DNI) values (3921087,'Sra. González','C. Balmes, 286','Barcelona','851739197T');
INSERT INTO PATIENT (Pat_Number, Name, Address, City, DNI) values (4749511,'Sra. Grau','Av. Diagonal, 353','Barcelona','565010078J');
INSERT INTO PATIENT (Pat_Number, Name, Address, City, DNI) values (5234209,'Sra. Hernández','C. Balmes, 164','Barcelona','419189733J');
INSERT INTO PATIENT (Pat_Number, Name, Address, City, DNI) values (7469831,'Sra. Jiménez','C. Valls, 64','Terrassa','594188941H');
INSERT INTO PATIENT (Pat_Number, Name, Address, City, DNI) values (7276573,'Sr. Llach','C. Gràcia, 35','Sabadell','928474941Q');
INSERT INTO PATIENT (Pat_Number, Name, Address, City, DNI) values (2404768,'Sra. López','C. Calvet,46','Barcelona','248883080B');
INSERT INTO PATIENT (Pat_Number, Name, Address, City, DNI) values (2879436,'Sr. Martin','Passeig Picasso, 51','Barcelona','118544436K');
INSERT INTO PATIENT (Pat_Number, Name, Address, City, DNI) values (1665794,'Sra. Martínez','C. Puigmal, 29','Vic','373590761J');
INSERT INTO PATIENT (Pat_Number, Name, Address, City, DNI) values (8559913,'Sra. Mas','C. Fortuna, 53','L''Hospitalet','630733065V');
INSERT INTO PATIENT (Pat_Number, Name, Address, City, DNI) values (8838501,'Sr. Moreno','C. Teuleries, 13','Lleida','934607311B');
INSERT INTO PATIENT (Pat_Number, Name, Address, City, DNI) values (6981779,'Sra. Muñoz','C. Villaroel, 103','Barcelona','700676869Q');
INSERT INTO PATIENT (Pat_Number, Name, Address, City, DNI) values (1865987,'Sr. Nadal','Pl. Oli, 8','Girona','556260710Y');
INSERT INTO PATIENT (Pat_Number, Name, Address, City, DNI) values (5325499,'Sr. Navarro','Av. Jaume I, 47','Reus','140986229R');
INSERT INTO PATIENT (Pat_Number, Name, Address, City, DNI) values (6683161,'Sra. Pérez','C. Urgell, 124','Barcelona','236074256W');
INSERT INTO PATIENT (Pat_Number, Name, Address, City, DNI) values (7381969,'Sra. Pons','Rambla Nova,56','Tarragona','227518400P');
INSERT INTO PATIENT (Pat_Number, Name, Address, City, DNI) values (5927299,'Sra. Reixach','Av. Catalunya, 185','Tarragona','395517904Z');
INSERT INTO PATIENT (Pat_Number, Name, Address, City, DNI) values (1185277,'Sr. Ricart','C. Benidorm, 27','Reus','724634953N');
INSERT INTO PATIENT (Pat_Number, Name, Address, City, DNI) values (8716373,'Sr. Rodríguez','Via Augusta, 254','Barcelona','464359660X');
INSERT INTO PATIENT (Pat_Number, Name, Address, City, DNI) values (6874712,'Sr. Roig','Av. Tibidabo, 99','Barcelona','238295666A');
INSERT INTO PATIENT (Pat_Number, Name, Address, City, DNI) values (1725512,'Sra. Romero','C. Vallcalent, 15','Lleida','730679260B');
INSERT INTO PATIENT (Pat_Number, Name, Address, City, DNI) values (4273361,'Sra. Ros','C. Portal Nou, 44','Girona','531177199L');
INSERT INTO PATIENT (Pat_Number, Name, Address, City, DNI) values (8217638,'Sr. Ruíz','Passeig Bonanova, 112','Barcelona','702920915K');
INSERT INTO PATIENT (Pat_Number, Name, Address, City, DNI) values (73461,'Sra. Sabater','C. Urgell, 235','Barcelona','864559007R');
INSERT INTO PATIENT (Pat_Number, Name, Address, City, DNI) values (4179954,'Sra Sala','C. Gósol, 19','Barcelona','512616455E');
INSERT INTO PATIENT (Pat_Number, Name, Address, City, DNI) values (1882363,'Sra. Sánchez','C. Torelló, 47','Vic','615306427P');
INSERT INTO PATIENT (Pat_Number, Name, Address, City, DNI) values (7794113,'Sr. Serra','C. Bonaire, 58','Sitges','342369317B');
INSERT INTO PATIENT (Pat_Number, Name, Address, City, DNI) values (8026153,'Sra. Soler','Av. Generalitat 134','Tortosa','666384097Z');
INSERT INTO PATIENT (Pat_Number, Name, Address, City, DNI) values (1619722,'Sr. Torres','Via Augusta, 135','Barcelona','351921321T');
INSERT INTO PATIENT (Pat_Number, Name, Address, City, DNI) values (6080336,'Sr. Vidal','Travessera de Dalt, 45','Barcelona','737411033Y');
INSERT INTO PATIENT (Pat_Number, Name, Address, City, DNI) values (4626421,'Sr. Vives','Passeig Bonanova, 143','Barcelona','771792507E');
INSERT INTO PATIENT (Pat_Number, Name, Address, City, DNI) values (8926215,'Sr. Alemany','C. Neptú, 30','Barcelona','685291849H');
INSERT INTO PATIENT (Pat_Number, Name, Address, City, DNI) values (974845,'Sra. Álvarez','C. Arnús, 63','Badalona','601493065D');
INSERT INTO PATIENT (Pat_Number, Name, Address, City, DNI) values (2788770,'Sra. Armengol','C. Balmes, 224','Barcelona','859853879Y');
INSERT INTO PATIENT (Pat_Number, Name, Address, City, DNI) values (7250872,'Sr. Balasc','Pl. Major, 7','Vic','751873490V');
INSERT INTO PATIENT (Pat_Number, Name, Address, City, DNI) values (95430,'Sr. Bonastre','C. Verdi, 76','Barcelona','363780902E');
INSERT INTO PATIENT (Pat_Number, Name, Address, City, DNI) values (3000232,'Sra. Bosch','Carrer de la Legalitat, 72','Badalona','907302845H');
INSERT INTO PATIENT (Pat_Number, Name, Address, City, DNI) values (8631706,'Sr. Casajuana','C. Penedès, 4','Barcelona','451256808M');
INSERT INTO PATIENT (Pat_Number, Name, Address, City, DNI) values (258651,'Sra. Díaz','C. Tiera, 26','Vic','779741634G');
INSERT INTO PATIENT (Pat_Number, Name, Address, City, DNI) values (4443475,'Sr. Fernández','C. Legalitat, 72','Barcelona','857637600F');
INSERT INTO PATIENT (Pat_Number, Name, Address, City, DNI) values (1045777,'Sra. García','C. Rosselló, 14','Tortosa','143239819M');
INSERT INTO PATIENT (Pat_Number, Name, Address, City, DNI) values (719292,'Sra. Gasull','C. Varsòvia, 152-154','Barcelona','320351677H');
INSERT INTO PATIENT (Pat_Number, Name, Address, City, DNI) values (8452707,'Sra. Gómez','C. Roca, 37','Sabadell','610309599E');
INSERT INTO PATIENT (Pat_Number, Name, Address, City, DNI) values (9920345,'Sr. González','C. Gènova, 11','Barcelona','791731542N');
INSERT INTO PATIENT (Pat_Number, Name, Address, City, DNI) values (5426152,'Sr. Grau','C. Garcilaso, 213','Barcelona','281538318X');
INSERT INTO PATIENT (Pat_Number, Name, Address, City, DNI) values (1352330,'Sr. Hernández','C. Escòcia, 129-135','Barcelona','541021236X');
INSERT INTO PATIENT (Pat_Number, Name, Address, City, DNI) values (3459302,'Sr. Jiménez','C. Joaquim Costa, 142','Terrassa','290461112T');
INSERT INTO PATIENT (Pat_Number, Name, Address, City, DNI) values (6590582,'Sra. Llach','C. Borràs, 35','Sabadell','673709873Z');
INSERT INTO PATIENT (Pat_Number, Name, Address, City, DNI) values (7448511,'Sr. López','C. Creu, 27','Girona','653593304G');
INSERT INTO PATIENT (Pat_Number, Name, Address, City, DNI) values (2765102,'Sra. Martin','C. Santapau, 25','Barcelona','261956162P');
INSERT INTO PATIENT (Pat_Number, Name, Address, City, DNI) values (5591663,'Sr. Martínez','C. Gurb 33','Vic','625924874E');
INSERT INTO PATIENT (Pat_Number, Name, Address, City, DNI) values (8861727,'Sr. Mas','C. Primavera, 134','L''Hospitalet','651882653R');
INSERT INTO PATIENT (Pat_Number, Name, Address, City, DNI) values (6472466,'Sra. Moreno','C. Segrià, 17','Lleida','593851031R');
INSERT INTO PATIENT (Pat_Number, Name, Address, City, DNI) values (2179710,'Sr. Muñoz','C. Cinca, 49','Barcelona','956652684E');
INSERT INTO PATIENT (Pat_Number, Name, Address, City, DNI) values (9082141,'Sra. Nadal','C. Canigó, 11','Girona','430320836J');
INSERT INTO PATIENT (Pat_Number, Name, Address, City, DNI) values (9013888,'Sra. Navarro','Av. Carrilet, 37','Reus','129641621M');
INSERT INTO PATIENT (Pat_Number, Name, Address, City, DNI) values (4969570,'Sr. Pérez','C. Flor de Neu, 59','Barcelona','939842469R');
INSERT INTO PATIENT (Pat_Number, Name, Address, City, DNI) values (7282672,'Sr. Pons','Av. Prat de la Riba, 32','Tarragona','288618718K');
INSERT INTO PATIENT (Pat_Number, Name, Address, City, DNI) values (9745976,'Sr. Reixach','C. Francolí, 14','Tarragona','439586652A');
INSERT INTO PATIENT (Pat_Number, Name, Address, City, DNI) values (2612637,'Sra. Ricart','C. Misericòrdia, 39','Reus','947585461C');
INSERT INTO PATIENT (Pat_Number, Name, Address, City, DNI) values (5242904,'Sra. Rodríguez','C. Major, 41','Sort','922530690T');
INSERT INTO PATIENT (Pat_Number, Name, Address, City, DNI) values (3497104,'Sra. Roig','C. Salses, 53','Barcelona','911921624Y');
INSERT INTO PATIENT (Pat_Number, Name, Address, City, DNI) values (838393,'Sr. Romero','C. Segrià 41','Lleida','634026922K');
INSERT INTO PATIENT (Pat_Number, Name, Address, City, DNI) values (2148266,'Sr. Ros','C. Sol, 28','Girona','227393779R');
INSERT INTO PATIENT (Pat_Number, Name, Address, City, DNI) values (3557235,'Sra. Ruíz','C. Banys, 54','Berga','830334171Q');
INSERT INTO PATIENT (Pat_Number, Name, Address, City, DNI) values (5862883,'Sr. Sabater','C. Roc Boronat, 115','Barcelona','546372551F');
INSERT INTO PATIENT (Pat_Number, Name, Address, City, DNI) values (3026553,'Dra Sala','Via Laietana, 11','Barcelona','669133354N');
INSERT INTO PATIENT (Pat_Number, Name, Address, City, DNI) values (7164720,'Sr. Sánchez','C. Puigsacalm, 15','Vic','588793928T');
INSERT INTO PATIENT (Pat_Number, Name, Address, City, DNI) values (492018,'Sra. Serra','Av. Sofia, 49','Sitges','523792711A');
INSERT INTO PATIENT (Pat_Number, Name, Address, City, DNI) values (7667647,'Sr. Soler','C. Pau Claris, 97','Barcelona','901367713J');
INSERT INTO PATIENT (Pat_Number, Name, Address, City, DNI) values (3155961,'Sra. Torres','C. Freixures, 19','Barcelona','165940962X');
INSERT INTO PATIENT (Pat_Number, Name, Address, City, DNI) values (506903,'Sra. Vidal','Passeig del Born, 14-16','Barcelona','834646400K');
INSERT INTO PATIENT (Pat_Number, Name, Address, City, DNI) values (2869935,'Sra. Vives','C. Rec, 14','Barcelona','975891481D');

-- VISIT 


INSERT INTO visit (doc_number, pat_number, visit_date, price) VALUES (26902, 6574405, '2011-03-30', 215.00);
INSERT INTO visit (doc_number, pat_number, visit_date, price) VALUES (26507, 6392432, '2010-03-14', 222.00);
INSERT INTO visit (doc_number, pat_number, visit_date, price) VALUES (35356, 9934166, '2011-02-15', 475.00);
INSERT INTO visit (doc_number, pat_number, visit_date, price) VALUES (35252, 9062865, '2011-06-07', 40.00);
INSERT INTO visit (doc_number, pat_number, visit_date, price) VALUES (99615, 2397893, '2014-12-30', 462.00);
INSERT INTO visit (doc_number, pat_number, visit_date, price) VALUES (99615, 3268992, '2013-08-26', 538.00);
INSERT INTO visit (doc_number, pat_number, visit_date, price) VALUES (21317, 7073152, '2011-07-02', 511.00);
INSERT INTO visit (doc_number, pat_number, visit_date, price) VALUES (35054, 448282, '2010-11-12', 115.00);
INSERT INTO visit (doc_number, pat_number, visit_date, price) VALUES (97425, 7436660, '2011-05-22', 366.00);
INSERT INTO visit (doc_number, pat_number, visit_date, price) VALUES (17061, 9080409, '2010-09-28', 67.00);
INSERT INTO visit (doc_number, pat_number, visit_date, price) VALUES (63466, 3801980, '2012-05-12', 455.00);
INSERT INTO visit (doc_number, pat_number, visit_date, price) VALUES (56495, 1965544, '2010-11-06', 92.00);
INSERT INTO visit (doc_number, pat_number, visit_date, price) VALUES (91457, 3921087, '2013-12-25', 487.00);
INSERT INTO visit (doc_number, pat_number, visit_date, price) VALUES (12855, 4749511, '2014-12-23', 108.00);
INSERT INTO visit (doc_number, pat_number, visit_date, price) VALUES (99615, 5234209, '2011-11-01', 69.00);
INSERT INTO visit (doc_number, pat_number, visit_date, price) VALUES (44879, 7469831, '2011-10-05', 478.00);
INSERT INTO visit (doc_number, pat_number, visit_date, price) VALUES (22230, 7276573, '2013-08-22', 40.00);
INSERT INTO visit (doc_number, pat_number, visit_date, price) VALUES (11423, 2404768, '2013-02-24', 441.00);
INSERT INTO visit (doc_number, pat_number, visit_date, price) VALUES (45957, 2879436, '2013-04-08', 371.00);
INSERT INTO visit (doc_number, pat_number, visit_date, price) VALUES (11902, 1665794, '2010-02-20', 259.00);
INSERT INTO visit (doc_number, pat_number, visit_date, price) VALUES (39084, 8559913, '2011-01-13', 380.00);
INSERT INTO visit (doc_number, pat_number, visit_date, price) VALUES (42632, 8838501, '2011-08-13', 88.00);
INSERT INTO visit (doc_number, pat_number, visit_date, price) VALUES (38284, 6981779, '2014-01-22', 328.00);
INSERT INTO visit (doc_number, pat_number, visit_date, price) VALUES (38755, 1865987, '2013-11-04', 217.00);
INSERT INTO visit (doc_number, pat_number, visit_date, price) VALUES (99615, 5325499, '2010-10-05', 368.00);
INSERT INTO visit (doc_number, pat_number, visit_date, price) VALUES (92821, 6683161, '2014-04-08', 578.00);
INSERT INTO visit (doc_number, pat_number, visit_date, price) VALUES (28646, 7381969, '2010-10-03', 558.00);
INSERT INTO visit (doc_number, pat_number, visit_date, price) VALUES (10120, 5927299, '2011-06-01', 578.00);
INSERT INTO visit (doc_number, pat_number, visit_date, price) VALUES (13389, 1185277, '2013-09-21', 541.00);
INSERT INTO visit (doc_number, pat_number, visit_date, price) VALUES (99982, 8716373, '2014-11-09', 229.00);
INSERT INTO visit (doc_number, pat_number, visit_date, price) VALUES (28796, 6874712, '2010-10-23', 152.00);
INSERT INTO visit (doc_number, pat_number, visit_date, price) VALUES (28878, 1725512, '2014-12-18', 156.00);
INSERT INTO visit (doc_number, pat_number, visit_date, price) VALUES (52391, 4273361, '2015-01-20', 421.00);
INSERT INTO visit (doc_number, pat_number, visit_date, price) VALUES (50077, 8217638, '2011-12-08', 598.00);
INSERT INTO visit (doc_number, pat_number, visit_date, price) VALUES (99615, 73461, '2011-03-26', 167.00);
INSERT INTO visit (doc_number, pat_number, visit_date, price) VALUES (10535, 4179954, '2014-11-19', 283.00);
INSERT INTO visit (doc_number, pat_number, visit_date, price) VALUES (10289, 1882363, '2010-06-03', 536.00);
INSERT INTO visit (doc_number, pat_number, visit_date, price) VALUES (57447, 7794113, '2012-09-23', 77.00);
INSERT INTO visit (doc_number, pat_number, visit_date, price) VALUES (26732, 8026153, '2010-08-02', 369.00);
INSERT INTO visit (doc_number, pat_number, visit_date, price) VALUES (26804, 1619722, '2011-10-23', 301.00);
INSERT INTO visit (doc_number, pat_number, visit_date, price) VALUES (11758, 6080336, '2013-06-21', 115.00);
INSERT INTO visit (doc_number, pat_number, visit_date, price) VALUES (45493, 4626421, '2012-12-12', 223.00);
INSERT INTO visit (doc_number, pat_number, visit_date, price) VALUES (13389, 8926215, '2012-08-27', 363.00);
INSERT INTO visit (doc_number, pat_number, visit_date, price) VALUES (99982, 974845, '2012-04-16', 573.00);
INSERT INTO visit (doc_number, pat_number, visit_date, price) VALUES (28796, 2788770, '2012-10-04', 301.00);
INSERT INTO visit (doc_number, pat_number, visit_date, price) VALUES (28878, 7250872, '2014-06-27', 403.00);
INSERT INTO visit (doc_number, pat_number, visit_date, price) VALUES (52391, 95430, '2014-01-18', 450.00);
INSERT INTO visit (doc_number, pat_number, visit_date, price) VALUES (50077, 3000232, '2011-03-28', 312.00);
INSERT INTO visit (doc_number, pat_number, visit_date, price) VALUES (99615, 8631706, '2012-06-22', 243.00);
INSERT INTO visit (doc_number, pat_number, visit_date, price) VALUES (10535, 258651, '2012-02-25', 221.00);
INSERT INTO visit (doc_number, pat_number, visit_date, price) VALUES (10289, 4443475, '2011-05-17', 541.00);
INSERT INTO visit (doc_number, pat_number, visit_date, price) VALUES (57447, 1045777, '2013-07-04', 594.00);
INSERT INTO visit (doc_number, pat_number, visit_date, price) VALUES (26732, 719292, '2013-10-07', 279.00);
INSERT INTO visit (doc_number, pat_number, visit_date, price) VALUES (26804, 8452707, '2010-04-08', 268.00);
INSERT INTO visit (doc_number, pat_number, visit_date, price) VALUES (11758, 9920345, '2012-03-08', 210.00);
INSERT INTO visit (doc_number, pat_number, visit_date, price) VALUES (45493, 5426152, '2014-07-12', 46.00);
INSERT INTO visit (doc_number, pat_number, visit_date, price) VALUES (21317, 1352330, '2014-07-15', 246.00);
INSERT INTO visit (doc_number, pat_number, visit_date, price) VALUES (35054, 3459302, '2012-12-09', 168.00);
INSERT INTO visit (doc_number, pat_number, visit_date, price) VALUES (97425, 6590582, '2010-10-11', 595.00);
INSERT INTO visit (doc_number, pat_number, visit_date, price) VALUES (17061, 7448511, '2013-02-03', 186.00);
INSERT INTO visit (doc_number, pat_number, visit_date, price) VALUES (63466, 2765102, '2012-08-18', 368.00);
INSERT INTO visit (doc_number, pat_number, visit_date, price) VALUES (56495, 5591663, '2011-08-03', 147.00);
INSERT INTO visit (doc_number, pat_number, visit_date, price) VALUES (91457, 8861727, '2012-11-22', 313.00);
INSERT INTO visit (doc_number, pat_number, visit_date, price) VALUES (12855, 6472466, '2012-07-08', 189.00);
INSERT INTO visit (doc_number, pat_number, visit_date, price) VALUES (11902, 2179710, '2013-07-09', 144.00);
INSERT INTO visit (doc_number, pat_number, visit_date, price) VALUES (39084, 9082141, '2014-02-14', 450.00);
INSERT INTO visit (doc_number, pat_number, visit_date, price) VALUES (42632, 6574405, '2012-03-28', 442.00);
INSERT INTO visit (doc_number, pat_number, visit_date, price) VALUES (38284, 6392432, '2013-12-09', 79.00);
INSERT INTO visit (doc_number, pat_number, visit_date, price) VALUES (38755, 9934166, '2011-09-09', 498.00);
INSERT INTO visit (doc_number, pat_number, visit_date, price) VALUES (99615, 9062865, '2012-10-27', 211.00);
INSERT INTO visit (doc_number, pat_number, visit_date, price) VALUES (92821, 2397893, '2010-08-02', 351.00);
INSERT INTO visit (doc_number, pat_number, visit_date, price) VALUES (28646, 3268992, '2015-02-28', 583.00);
INSERT INTO visit (doc_number, pat_number, visit_date, price) VALUES (10120, 7073152, '2010-08-10', 405.00);
INSERT INTO visit (doc_number, pat_number, visit_date, price) VALUES (35252, 448282, '2013-03-28', 114.00);
INSERT INTO visit (doc_number, pat_number, visit_date, price) VALUES (99615, 7436660, '2012-04-14', 556.00);
INSERT INTO visit (doc_number, pat_number, visit_date, price) VALUES (99615, 9080409, '2013-05-13', 106.00);
INSERT INTO visit (doc_number, pat_number, visit_date, price) VALUES (21317, 3801980, '2012-07-24', 487.00);
INSERT INTO visit (doc_number, pat_number, visit_date, price) VALUES (35054, 3026553, '2011-03-03', 406.00);
INSERT INTO visit (doc_number, pat_number, visit_date, price) VALUES (97425, 7164720, '2014-08-07', 388.00);
INSERT INTO visit (doc_number, pat_number, visit_date, price) VALUES (17061, 492018, '2015-01-13', 130.00);
INSERT INTO visit (doc_number, pat_number, visit_date, price) VALUES (63466, 7667647, '2013-04-27', 597.00);
INSERT INTO visit (doc_number, pat_number, visit_date, price) VALUES (56495, 3155961, '2010-10-23', 329.00);
INSERT INTO visit (doc_number, pat_number, visit_date, price) VALUES (42632, 506903, '2013-05-17', 123.00);
INSERT INTO visit (doc_number, pat_number, visit_date, price) VALUES (38284, 2869935, '2011-12-04', 276.00);
INSERT INTO visit (doc_number, pat_number, visit_date, price) VALUES (38755, 6574405, '2012-03-02', 568.00);
INSERT INTO visit (doc_number, pat_number, visit_date, price) VALUES (99615, 6392432, '2014-10-31', 304.00);
INSERT INTO visit (doc_number, pat_number, visit_date, price) VALUES (92821, 9934166, '2014-09-26', 293.00);
INSERT INTO visit (doc_number, pat_number, visit_date, price) VALUES (28646, 9062865, '2014-05-02', 213.00);
INSERT INTO visit (doc_number, pat_number, visit_date, price) VALUES (10120, 2397893, '2013-09-18', 442.00);
INSERT INTO visit (doc_number, pat_number, visit_date, price) VALUES (13389, 3268992, '2010-04-10', 288.00);
INSERT INTO visit (doc_number, pat_number, visit_date, price) VALUES (99982, 7073152, '2013-12-19', 369.00);
INSERT INTO visit (doc_number, pat_number, visit_date, price) VALUES (28796, 6574405, '2012-06-01', 209.00);
INSERT INTO visit (doc_number, pat_number, visit_date, price) VALUES (28878, 6392432, '2014-10-08', 405.00);
INSERT INTO visit (doc_number, pat_number, visit_date, price) VALUES (52391, 9934166, '2014-01-16', 82.00);
INSERT INTO visit (doc_number, pat_number, visit_date, price) VALUES (50077, 9062865, '2014-08-22', 368.00);
INSERT INTO visit (doc_number, pat_number, visit_date, price) VALUES (99615, 2397893, '2012-08-04', 520.00);
INSERT INTO visit (doc_number, pat_number, visit_date, price) VALUES (10535, 3268992, '2015-01-04', 502.00);
INSERT INTO visit (doc_number, pat_number, visit_date, price) VALUES (10289, 7073152, '2011-01-04', 210.00);
INSERT INTO visit (doc_number, pat_number, visit_date, price) VALUES (57447, 5234209, '2011-06-16', 570.00);
INSERT INTO visit (doc_number, pat_number, visit_date, price) VALUES (26732, 7469831, '2013-12-29', 400.00);
INSERT INTO visit (doc_number, pat_number, visit_date, price) VALUES (26804, 7276573, '2012-12-05', 391.00);
INSERT INTO visit (doc_number, pat_number, visit_date, price) VALUES (11758, 2404768, '2011-08-20', 320.00);
INSERT INTO visit (doc_number, pat_number, visit_date, price) VALUES (45493, 2879436, '2013-03-25', 383.00);
INSERT INTO visit (doc_number, pat_number, visit_date, price) VALUES (13389, 1665794, '2010-11-04', 195.00);
INSERT INTO visit (doc_number, pat_number, visit_date, price) VALUES (99982, 8559913, '2013-12-06', 404.00);
INSERT INTO visit (doc_number, pat_number, visit_date, price) VALUES (42632, 8838501, '2010-06-17', 338.00);
INSERT INTO visit (doc_number, pat_number, visit_date, price) VALUES (38284, 6981779, '2010-05-12', 271.00);
INSERT INTO visit (doc_number, pat_number, visit_date, price) VALUES (38755, 1865987, '2010-03-06', 291.00);
INSERT INTO visit (doc_number, pat_number, visit_date, price) VALUES (99615, 5325499, '2010-02-18', 143.00);
INSERT INTO visit (doc_number, pat_number, visit_date, price) VALUES (92821, 6683161, '2011-10-23', 59.00);
INSERT INTO visit (doc_number, pat_number, visit_date, price) VALUES (28646, 7381969, '2012-06-28', 391.00);
INSERT INTO visit (doc_number, pat_number, visit_date, price) VALUES (10120, 5927299, '2013-04-04', 140.00);
INSERT INTO visit (doc_number, pat_number, visit_date, price) VALUES (13389, 1185277, '2010-10-03', 358.00);
INSERT INTO visit (doc_number, pat_number, visit_date, price) VALUES (99982, 8716373, '2014-11-24', 484.00);
INSERT INTO visit (doc_number, pat_number, visit_date, price) VALUES (28796, 6874712, '2014-12-31', 387.00);
INSERT INTO visit (doc_number, pat_number, visit_date, price) VALUES (28878, 6574405, '2012-12-02', 325.00);
INSERT INTO visit (doc_number, pat_number, visit_date, price) VALUES (52391, 6392432, '2014-07-25', 187.00);
INSERT INTO visit (doc_number, pat_number, visit_date, price) VALUES (50077, 9934166, '2014-07-28', 79.00);
INSERT INTO visit (doc_number, pat_number, visit_date, price) VALUES (99615, 73461, '2012-02-03', 508.00);
INSERT INTO visit (doc_number, pat_number, visit_date, price) VALUES (10535, 4179954, '2013-02-11', 600.00);
INSERT INTO visit (doc_number, pat_number, visit_date, price) VALUES (42632, 1882363, '2014-11-05', 338.00);
INSERT INTO visit (doc_number, pat_number, visit_date, price) VALUES (38284, 7794113, '2010-11-23', 277.00);
INSERT INTO visit (doc_number, pat_number, visit_date, price) VALUES (38755, 8026153, '2010-05-14', 208.00);
INSERT INTO visit (doc_number, pat_number, visit_date, price) VALUES (99615, 1619722, '2014-06-13', 142.00);
INSERT INTO visit (doc_number, pat_number, visit_date, price) VALUES (92821, 6080336, '2014-12-08', 330.00);
INSERT INTO visit (doc_number, pat_number, visit_date, price) VALUES (28646, 4626421, '2015-01-03', 547.00);
INSERT INTO visit (doc_number, pat_number, visit_date, price) VALUES (10120, 8926215, '2011-11-17', 61.00);
INSERT INTO visit (doc_number, pat_number, visit_date, price) VALUES (13389, 974845, '2014-10-12', 232.00);
INSERT INTO visit (doc_number, pat_number, visit_date, price) VALUES (42632, 2788770, '2010-11-07', 156.00);
INSERT INTO visit (doc_number, pat_number, visit_date, price) VALUES (38284, 7250872, '2013-05-01', 30.00);
INSERT INTO visit (doc_number, pat_number, visit_date, price) VALUES (38755, 95430, '2013-08-11', 31.00);
INSERT INTO visit (doc_number, pat_number, visit_date, price) VALUES (99615, 3000232, '2013-10-12', 518.00);
INSERT INTO visit (doc_number, pat_number, visit_date, price) VALUES (92821, 8631706, '2014-12-19', 321.00);
INSERT INTO visit (doc_number, pat_number, visit_date, price) VALUES (35054, 6574405, '2011-09-04', 384.00);
INSERT INTO visit (doc_number, pat_number, visit_date, price) VALUES (97425, 6392432, '2014-08-15', 112.00);
INSERT INTO visit (doc_number, pat_number, visit_date, price) VALUES (17061, 9934166, '2013-09-25', 124.00);
INSERT INTO visit (doc_number, pat_number, visit_date, price) VALUES (63466, 719292, '2012-02-19', 122.00);
INSERT INTO visit (doc_number, pat_number, visit_date, price) VALUES (56495, 8452707, '2014-12-25', 354.00);
INSERT INTO visit (doc_number, pat_number, visit_date, price) VALUES (91457, 9920345, '2013-11-28', 386.00);
INSERT INTO visit (doc_number, pat_number, visit_date, price) VALUES (12855, 5426152, '2012-04-08', 236.00);
INSERT INTO visit (doc_number, pat_number, visit_date, price) VALUES (11902, 1352330, '2011-08-17', 383.00);
INSERT INTO visit (doc_number, pat_number, visit_date, price) VALUES (99615, 73461, '2012-05-03', 102.00);
INSERT INTO visit (doc_number, pat_number, visit_date, price) VALUES (39084, 3459302, '2011-03-27', 176.00);
INSERT INTO visit (doc_number, pat_number, visit_date, price) VALUES (42632, 6590582, '2010-05-13', 346.00);
INSERT INTO visit (doc_number, pat_number, visit_date, price) VALUES (38284, 7448511, '2012-05-18', 141.00);
INSERT INTO visit (doc_number, pat_number, visit_date, price) VALUES (38755, 2765102, '2010-12-19', 60.00);
INSERT INTO visit (doc_number, pat_number, visit_date, price) VALUES (99615, 5591663, '2010-03-13', 132.00);
INSERT INTO visit (doc_number, pat_number, visit_date, price) VALUES (92821, 6574405, '2010-02-19', 436.00);
INSERT INTO visit (doc_number, pat_number, visit_date, price) VALUES (28646, 6392432, '2010-05-14', 217.00);
INSERT INTO visit (doc_number, pat_number, visit_date, price) VALUES (10120, 6574405, '2014-10-08', 182.00);
INSERT INTO visit (doc_number, pat_number, visit_date, price) VALUES (35252, 9062865, '2012-03-24', 344.00);
INSERT INTO visit (doc_number, pat_number, visit_date, price) VALUES (99615, 2397893, '2013-06-24', 216.00);
INSERT INTO visit (doc_number, pat_number, visit_date, price) VALUES (99615, 3268992, '2014-06-14', 490.00);
INSERT INTO visit (doc_number, pat_number, visit_date, price) VALUES (21317, 7073152, '2013-02-13', 592.00);
INSERT INTO visit (doc_number, pat_number, visit_date, price) VALUES (35054, 448282, '2013-11-05', 395.00);
INSERT INTO visit (doc_number, pat_number, visit_date, price) VALUES (97425, 7436660, '2013-09-26', 32.00);
INSERT INTO visit (doc_number, pat_number, visit_date, price) VALUES (17061, 9080409, '2012-11-21', 321.00);
INSERT INTO visit (doc_number, pat_number, visit_date, price) VALUES (63466, 3801980, '2013-09-08', 342.00);
INSERT INTO visit (doc_number, pat_number, visit_date, price) VALUES (56495, 1965544, '2010-06-14', 63.00);
INSERT INTO visit (doc_number, pat_number, visit_date, price) VALUES (42632, 3921087, '2012-07-04', 523.00);
INSERT INTO visit (doc_number, pat_number, visit_date, price) VALUES (38284, 4749511, '2014-07-16', 469.00);
INSERT INTO visit (doc_number, pat_number, visit_date, price) VALUES (38755, 6574405, '2013-10-13', 64.00);
INSERT INTO visit (doc_number, pat_number, visit_date, price) VALUES (99615, 7469831, '2010-12-14', 525.00);
INSERT INTO visit (doc_number, pat_number, visit_date, price) VALUES (92821, 7276573, '2013-02-25', 386.00);
INSERT INTO visit (doc_number, pat_number, visit_date, price) VALUES (28646, 2404768, '2013-08-01', 355.00);
INSERT INTO visit (doc_number, pat_number, visit_date, price) VALUES (10120, 2879436, '2012-08-17', 308.00);
INSERT INTO visit (doc_number, pat_number, visit_date, price) VALUES (99982, 8559913, '2012-02-26', 450.00);
INSERT INTO visit (doc_number, pat_number, visit_date, price) VALUES (28796, 8838501, '2014-10-05', 401.00);
INSERT INTO visit (doc_number, pat_number, visit_date, price) VALUES (99982, 6981779, '2012-06-05', 222.00);
INSERT INTO visit (doc_number, pat_number, visit_date, price) VALUES (13389, 1665794, '2010-08-11', 469.00);
INSERT INTO visit (doc_number, pat_number, visit_date, price) VALUES (13389, 3268992, '2010-05-01', 222.00);


-- PRESCRIPTION



INSERT INTO prescription (presc_number, drug, doc_number, pat_number, visit_date) VALUES (6, 'Clorfenamina', 99615, 5325499, '2010-02-18');
INSERT INTO prescription (presc_number, drug, doc_number, pat_number, visit_date) VALUES (7, 'Ibuprofè', 92821, 6574405, '2010-02-19');
INSERT INTO prescription (presc_number, drug, doc_number, pat_number, visit_date) VALUES (8, 'Benzodiazepina', 11902, 1665794, '2010-02-20');
INSERT INTO prescription (presc_number, drug, doc_number, pat_number, visit_date) VALUES (9, 'Levotiroxina sòdica', 38755, 1865987, '2010-03-06');
INSERT INTO prescription (presc_number, drug, doc_number, pat_number, visit_date) VALUES (10, 'Lisinopril', 99615, 5591663, '2010-03-13');
INSERT INTO prescription (presc_number, drug, doc_number, pat_number, visit_date) VALUES (11, 'Acarbosa', 26507, 6392432, '2010-03-14');
INSERT INTO prescription (presc_number, drug, doc_number, pat_number, visit_date) VALUES (12, 'Acarbosa', 26804, 8452707, '2010-04-08');
INSERT INTO prescription (presc_number, drug, doc_number, pat_number, visit_date) VALUES (44, 'Diclofenac', 26902, 6574405, '2011-03-30');
INSERT INTO prescription (presc_number, drug, doc_number, pat_number, visit_date) VALUES (45, 'Ibuprofè', 26902, 6574405, '2011-03-30');
INSERT INTO prescription (presc_number, drug, doc_number, pat_number, visit_date) VALUES (46, 'Ibuprofè', 26902, 6574405, '2011-03-30');
INSERT INTO prescription (presc_number, drug, doc_number, pat_number, visit_date) VALUES (65, 'Clorfenamina', 99615, 73461, '2012-02-03');
INSERT INTO prescription (presc_number, drug, doc_number, pat_number, visit_date) VALUES (68, 'Àcid clabulònic', 38755, 6574405, '2012-03-02');
INSERT INTO prescription (presc_number, drug, doc_number, pat_number, visit_date) VALUES (175, 'Amoxicilina', 28646, 3268992, '2015-02-28');
INSERT INTO prescription (presc_number, drug, doc_number, pat_number, visit_date) VALUES (176, 'Paracetamol', 28646, 3268992, '2015-02-28');
INSERT INTO prescription (presc_number, drug, doc_number, pat_number, visit_date) VALUES (177, 'Àcid clabulònic', 28646, 3268992, '2015-02-28');
INSERT INTO prescription (presc_number, drug, doc_number, pat_number, visit_date) VALUES (187, 'Acarbosa', 13389, 1665794, '2010-11-04');
INSERT INTO prescription (presc_number, drug, doc_number, pat_number, visit_date) VALUES (188, 'Acarbosa', 13389, 3268992, '2010-04-10');
INSERT INTO prescription (presc_number, drug, doc_number, pat_number, visit_date) VALUES (189, 'Acarbosa', 13389, 3268992, '2010-05-01');
COMMIT;
